id,tag_name,display_name,active,measurement_id,tag_set_ids,tags,default_unit_id
124,Occupied Heating Setpoint,Occupied Heating Setpoint,True,1,"[15, 2, 4, 62, 51, 55]","['air', 'sp', 'temp', 'zone', 'heating', 'occ']",
118,Outside Air Carbon Dioxide,Outside Air Carbon Dioxide,True,6,"[15, 8, 1, 24]","['air', 'co2', 'sensor', 'outside']",
130,Return Air Temperature Setpoint,Return Air Temperature Setpoint,True,1,"[15, 2, 4, 63]","['air', 'sp', 'temp', 'return']",
84,Dual-Temp Coil Discharge Air Temperature,Dual-Temp Coil Discharge Air Temperature,True,1,"[15, 36, 47, 1, 4, 250]","['air', 'discharge', 'dualTemp', 'sensor', 'temp', 'coil']",
81,Reheat Coil Discharge Air Temperature,Reheat Coil Discharge Air Temperature,True,1,"[15, 36, 44, 1, 4, 250]","['air', 'discharge', 'reheats', 'sensor', 'temp', 'coil']",
127,Standby Cooling Setpoint,Standby Cooling Setpoint,True,1,"[15, 2, 57, 4, 62, 50]","['air', 'sp', 'standby', 'temp', 'zone', 'cooling']",
106,Filter Differential Pressure,Filter Differential Pressure,True,37,"[15, 58, 6, 1, 27]","['air', 'delta', 'pressure', 'sensor', 'filter']",
151,Relief Air Damper Position,Relief Air Damper Position,True,7,"[15, 3, 11, 64]","['air', 'cmd', 'damper', 'relief']",
133,Return Air Humidify Setpoint,Return Air Humidify Setpoint,True,2,"[15, 2, 52, 63]","['air', 'sp', 'humidify', 'return']",
76,Outside Air Temperature,Outside Air Temperature,True,1,"[15, 24, 1, 4]","['air', 'outside', 'sensor', 'temp']",
173,Zone Differential Pressure,Zone Differential Pressure,True,37,"[15, 58, 6, 1, 62]","['air', 'delta', 'pressure', 'sensor', 'zone']",
172,Return Air Velocity Pressure,Return Air Velocity Pressure,True,37,"[15, 59, 6, 1, 63]","['air', 'dynamic', 'pressure', 'sensor', 'return']",
145,Zone Carbon Dioxide Setpoint,Zone Carbon Dioxide Setpoint,True,6,"[15, 8, 2, 62]","['air', 'co2', 'sp', 'zone']",
140,Outside Air Flow Setpoint,Outside Air Flow Setpoint,True,4,"[15, 7, 2, 24]","['air', 'flow', 'sp', 'outside']",
152,Exhaust Air Damper Position,Exhaust Air Damper Position,True,7,"[15, 3, 11, 65]","['air', 'cmd', 'damper', 'exhaust']",
83,Cooling Coil Discharge Air Temperature,Cooling Coil Discharge Air Temperature,True,1,"[15, 36, 1, 4, 50, 250]","['air', 'discharge', 'sensor', 'temp', 'cooling', 'coil']",
105,Return Air Static Pressure,Return Air Static Pressure,True,37,"[15, 6, 1, 63]","['air', 'pressure', 'sensor', 'return']",
126,Unoccupied Heating Setpoint,Unoccupied Heating Setpoint,True,1,"[15, 2, 4, 62, 51, 56]","['air', 'sp', 'temp', 'zone', 'heating', 'unocc']",
142,Return Air Flow Setpoint,Return Air Flow Setpoint,True,4,"[15, 7, 2, 63]","['air', 'flow', 'sp', 'return']",
82,Heating Coil Discharge Air Temperature,Heating Coil Discharge Air Temperature,True,1,"[15, 36, 45, 1, 4, 250]","['air', 'discharge', 'heat', 'sensor', 'temp', 'coil']",
149,Mixed Air Damper Position,Mixed Air Damper Position,True,7,"[15, 3, 11, 26]","['air', 'cmd', 'damper', 'mixed']",
112,Discharge Air Flow,Discharge Air Flow,True,4,"[15, 7, 1, 36]","['air', 'flow', 'sensor', 'discharge']",
153,Bypass Damper Position,Bypass Damper Position,True,7,"[15, 3, 11, 32]","['air', 'cmd', 'damper', 'bypass']",
80,Preheat Coil Discharge Air Temperature,Preheat Coil Discharge Air Temperature,True,1,"[15, 36, 43, 1, 4, 250]","['air', 'discharge', 'preHeat', 'sensor', 'temp', 'coil']",
148,Outside Air Damper Position,Outside Air Damper Position,True,7,"[15, 3, 11, 24]","['air', 'cmd', 'damper', 'outside']",
122,Zone Temperature Setpoint,Zone Temperature Setpoint,True,1,"[15, 2, 4, 62]","['air', 'sp', 'temp', 'zone']",
134,Return Air Dehumidify Setpoint,Return Air Dehumidify Setpoint,True,2,"[15, 5, 2, 83, 63]","['air', 'humidity', 'sp', 'dehumidify', 'return']",
78,Mixed Air Temperature,Mixed Air Temperature,True,1,"[15, 26, 1, 4]","['air', 'mixed', 'sensor', 'temp']",
128,Standby Heating Setpoint,Standby Heating Setpoint,True,1,"[15, 2, 4, 62, 57, 51]","['air', 'sp', 'temp', 'zone', 'standby', 'heating']",
137,Return Air Static Pressure Setpoint,Return Air Static Pressure Setpoint,True,37,"[15, 6, 2, 63]","['air', 'pressure', 'sp', 'return']",
86,Exhaust Air Temperature,Exhaust Air Temperature,True,1,"[15, 1, 4, 65]","['air', 'sensor', 'temp', 'exhaust']",
104,Discharge Air Velocity Pressure,Discharge Air Velocity Pressure,True,37,"[15, 6, 1, 36, 59]","['air', 'pressure', 'sensor', 'discharge', 'dynamic']",
103,Discharge Air Static Pressure,Discharge Air Static Pressure,True,37,"[15, 36, 6, 1]","['air', 'discharge', 'pressure', 'sensor']",
174,Relief Air Differential Pressure,Relief Air Differential Pressure,True,37,"[15, 6, 1, 64, 58]","['air', 'pressure', 'sensor', 'relief', 'delta']",
79,Discharge Air Temperature,Discharge Air Temperature,True,1,"[15, 36, 1, 4]","['air', 'discharge', 'sensor', 'temp']",
113,Return Air Flow,Return Air Flow,True,4,"[15, 7, 1, 63]","['air', 'flow', 'sensor', 'return']",
125,Unoccupied Cooling Setpoint,Unoccupied Cooling Setpoint,True,1,"[15, 2, 4, 56, 62, 50]","['air', 'sp', 'temp', 'unocc', 'zone', 'cooling']",
114,Exhaust Air Flow,Exhaust Air Flow,True,4,"[15, 7, 1, 65]","['air', 'flow', 'sensor', 'exhaust']",
77,Zone Temperature,Zone Temperature,True,1,"[15, 1, 4, 62]","['air', 'sensor', 'temp', 'zone']",
123,Occupied Cooling Setpoint,Occupied Cooling Setpoint,True,1,"[15, 55, 2, 4, 62, 50]","['air', 'occ', 'sp', 'temp', 'zone', 'cooling']",
150,Return Air Damper Position,Return Air Damper Position,True,7,"[15, 3, 11, 63]","['air', 'cmd', 'damper', 'return']",
102,Zone Static Pressure,Zone Static Pressure,True,37,"[15, 6, 1, 62]","['air', 'pressure', 'sensor', 'zone']",
141,Discharge Air Flow Setpoint,Discharge Air Flow Setpoint,True,4,"[15, 7, 2, 36]","['air', 'flow', 'sp', 'discharge']",
111,Outside Air Flow,Outside Air Flow,True,4,"[15, 7, 1, 24]","['air', 'flow', 'sensor', 'outside']",
85,Return Air Temperature,Return Air Temperature,True,1,"[15, 1, 4, 63]","['air', 'sensor', 'temp', 'return']",
120,Return Air Carbon Dioxide,Return Air Carbon Dioxide,True,6,"[15, 8, 1, 63]","['air', 'co2', 'sensor', 'return']",
135,Zone Static Pressure Setpoint,Zone Static Pressure Setpoint,True,37,"[15, 6, 2, 62]","['air', 'pressure', 'sp', 'zone']",
100,Discharge Air Humidity,Discharge Air Humidity,True,2,"[15, 5, 1, 36]","['air', 'humidity', 'sensor', 'discharge']",
146,Return Air Carbon Dioxide Setpoint,Return Air Carbon Dioxide Setpoint,True,6,"[15, 8, 2, 63]","['air', 'co2', 'sp', 'return']",
99,Zone Humidity,Zone Humidity,True,2,"[15, 5, 1, 62]","['air', 'humidity', 'sensor', 'zone']",
136,Discharge Air Static Pressure Setpoint,Discharge Air Static Pressure Setpoint,True,37,"[15, 6, 2, 36]","['air', 'pressure', 'sp', 'discharge']",
147,Damper Position,Damper Position,True,7,"[15, 3, 11]","['air', 'cmd', 'damper']",
119,Zone Carbon Dioxide,Zone Carbon Dioxide,True,6,"[15, 8, 1, 62]","['air', 'co2', 'sensor', 'zone']",
129,Discharge Air Temperature Setpoint,Discharge Air Temperature Setpoint,True,1,"[15, 2, 4, 36]","['air', 'sp', 'temp', 'discharge']",
89,Chilled Water Supply Temperature,Chilled Water Supply Temperature,True,1,"[49, 39, 1, 4, 16]","['chilled', 'leaving', 'sensor', 'temp', 'water']",
180,Chilled Water Isolation Valve Position,Chilled Water Isolation Valve Position,True,7,"[49, 3, 34, 13, 16]","['chilled', 'cmd', 'isolation', 'valve', 'water']",
96,Chilled Water Differential Temperature,Chilled Water Differential Temperature,True,1,"[49, 58, 1, 4, 16]","['chilled', 'delta', 'sensor', 'temp', 'water']",
93,Chilled Water Return Temperature,Chilled Water Return Temperature,True,1,"[49, 40, 1, 4, 16]","['chilled', 'entering', 'sensor', 'temp', 'water']",
182,Chilled Water Choke Valve Position,Chilled Water Choke Valve Position,True,7,"[35, 3, 13, 16, 49]","['choke', 'cmd', 'valve', 'water', 'chilled']",
183,Hot Water Isolation Valve Position,Hot Water Isolation Valve Position,True,7,"[3, 48, 34, 13, 16]","['cmd', 'hot', 'isolation', 'valve', 'water']",
163,Reheat Valve Position,Reheat Valve Position,True,7,"[3, 13, 44]","['cmd', 'valve', 'reheats']",
162,Preheat Valve Position,Preheat Valve Position,True,7,"[3, 13, 16, 43]","['cmd', 'valve', 'water', 'preHeat']",
159,Hot Water Valve Position,Hot Water Valve Position,True,7,"[3, 13, 16, 48]","['cmd', 'valve', 'water', 'hot']",
166,Command,Command,True,11,"[3, 19]","['cmd', 'run']",
161,Dual Temp Valve Position,Dual Temp Valve Position,True,7,"[3, 13, 16, 47]","['cmd', 'valve', 'water', 'dualTemp']",
170,Heating Stage,Heating Stage,True,8,"[3, 19, 14, 51]","['cmd', 'run', 'stage', 'heating']",
160,Chilled Water Valve Position,Chilled Water Valve Position,True,7,"[3, 13, 16, 49]","['cmd', 'valve', 'water', 'chilled']",
158,Speed,Speed,True,17,"[3, 12, 22]","['cmd', 'speed', 'vfd']",
168,Economize Mode,Economize Mode,True,11,"[3, 23]","['cmd', 'enable']",
169,Cooling Stage,Cooling Stage,True,8,"[3, 19, 14, 50]","['cmd', 'run', 'stage', 'cooling']",
164,Mixing Valve Position,Mixing Valve Position,True,7,"[3, 13, 33]","['cmd', 'valve', 'mixing']",
109,Water Differential Pressure,Water Differential Pressure,True,3,"[58, 6, 1, 16]","['delta', 'pressure', 'sensor', 'water']",
108,Chilled Water Differential Pressure,Chilled Water Differential Pressure,True,3,"[58, 6, 1, 16, 49]","['delta', 'pressure', 'sensor', 'water', 'chilled']",
138,Hot Water Differential Pressure Setpoint,Hot Water Differential Pressure Setpoint,True,3,"[58, 6, 2, 16, 48]","['delta', 'pressure', 'sp', 'water', 'hot']",
95,Hot Water Differential Temperature,Hot Water Differential Temperature,True,1,"[58, 48, 1, 4, 16]","['delta', 'hot', 'sensor', 'temp', 'water']",
107,Hot Water Differential Pressure,Hot Water Differential Pressure,True,3,"[58, 6, 1, 16, 48]","['delta', 'pressure', 'sensor', 'water', 'hot']",
90,Dual-Temp Water Supply Temperature,Dual-Temp Water Supply Temperature,True,1,"[47, 39, 1, 4, 16]","['dualTemp', 'leaving', 'sensor', 'temp', 'water']",
94,Dual-Temp Water Return Temperature,Dual-Temp Water Return Temperature,True,1,"[47, 40, 1, 4, 16]","['dualTemp', 'entering', 'sensor', 'temp', 'water']",
178,Electric Consumption,Electric Consumption,True,14,"[10, 20, 1, 28]","['elec', 'energy', 'sensor', 'total']",
91,Return Water Temperature,Return Water Temperature,True,1,"[40, 1, 4, 16]","['entering', 'sensor', 'temp', 'water']",
92,Hot Water Return Temperature,Hot Water Return Temperature,True,1,"[40, 48, 1, 4, 16]","['entering', 'hot', 'sensor', 'temp', 'water']",
176,Steam Supply Flow,Steam Supply Flow,True,9,"[7, 1, 17, 39]","['flow', 'sensor', 'steam', 'leaving']",
116,Chilled Water Supply Flow,Chilled Water Supply Flow,True,5,"[7, 1, 16, 49, 39]","['flow', 'sensor', 'water', 'chilled', 'leaving']",
117,Dual-Temp Water Flow,Dual-Temp Water Flow,True,5,"[7, 1, 16, 47]","['flow', 'sensor', 'water', 'dualTemp']",
115,Hot Water Supply Flow,Hot Water Supply Flow,True,5,"[7, 39, 1, 16, 48]","['flow', 'leaving', 'sensor', 'water', 'hot']",
88,Hot Water Supply Temperature,Hot Water Supply Temperature,True,1,"[48, 39, 1, 4, 16]","['hot', 'leaving', 'sensor', 'temp', 'water']",
87,Supply Water Temperature,Supply Water Temperature,True,1,"[39, 1, 4, 16]","['leaving', 'sensor', 'temp', 'water']",
131,Hot Water Supply Temperature Setpoint,Hot Water Supply Temperature Setpoint,True,1,"[39, 2, 4, 16, 48]","['leaving', 'sp', 'temp', 'water', 'hot']",
110,Evaporator Differential Pressure,Evaporator Differential Pressure,True,3,"[6, 18, 1, 58, 98]","['pressure', 'refrig', 'sensor', 'delta', 'evaporator']",
175,Steam Pressure,Steam Pressure,True,3,"[6, 1, 17]","['pressure', 'sensor', 'steam']",
139,Chilled Water Differential Pressure Setpoint,Chilled Water Differential Pressure Setpoint,True,3,"[6, 2, 16, 49, 58]","['pressure', 'sp', 'water', 'chilled', 'delta']",
97,Evaporator Refrigeration Temperature,Evaporator Refrigeration Temperature,True,1,"[18, 1, 4, 98]","['refrig', 'sensor', 'temp', 'evaporator']",
121,Status,Status,True,11,"[19, 1]","['run', 'sensor']",
171,Steam Temperature,Steam Temperature,True,1,"[1, 17, 4]","['sensor', 'steam', 'temp']",
177,Occupancy Status,Occupancy Status,True,10,"[1, 55, 56]","['sensor', 'occ', 'unocc']",
132,Chilled Water Supply Temperature Setpoint,Chilled Water Supply Temperature Setpoint,True,1,"[2, 4, 16, 49, 39]","['sp', 'temp', 'water', 'chilled', 'leaving']",
186,Glycol Entering Exhaust Coil Temperature,Glycol Entering Exhaust Coil Temperature,True,1,"[1, 4, 40, 65, 66, 250]","['sensor', 'temp', 'entering', 'exhaust', 'glycol', 'coil']",
187,Exhaust Air Static Pressure Setpoint,Exhaust Air Static Pressure Setpoint,True,37,"[2, 6, 15, 65]","['sp', 'pressure', 'air', 'exhaust']",
188,Economizer Differential Air Temperature Setpoint,Economizer Differential Air Temperature Setpoint,True,1,"[2, 4, 15, 58]","['sp', 'temp', 'air', 'delta']",
189,Zone Temperature Effective Setpoint,Zone Temperature Effective Setpoint,True,1,"[2, 4, 15, 54, 62]","['sp', 'temp', 'air', 'effective', 'zone']",
190,Makeup Air Damper Position,Makeup Air Damper Position,True,7,"[3, 11, 15, 67]","['cmd', 'damper', 'air', 'makeup']",
192,Speed Setpoint,Speed Setpoint,True,17,"[2, 12, 22]","['sp', 'speed', 'vfd']",
194,Steam Valve Position,Steam Valve Position,True,7,"[3, 13, 17]","['cmd', 'valve', 'steam']",
195,Damper Position Sensor,Damper Position Sensor,True,7,"[1, 11, 15]","['sensor', 'damper', 'air']",
196,Glycol Return Temperature,Glycol Return Temperature,True,1,"[1, 4, 66, 40]","['sensor', 'temp', 'glycol', 'entering']",
197,Glycol Temperature,Glycol Temperature,True,1,"[1, 4, 66]","['sensor', 'temp', 'glycol']",
198,Zone Heating Temperature Setpoint,Zone Heating Temperature Setpoint,True,1,"[2, 4, 15, 45, 62, 51]","['sp', 'temp', 'air', 'heat', 'zone', 'heating']",
199,Heat Wheel Status,Heat Wheel Status,True,11,"[1, 19, 70]","['sensor', 'run', 'heatWheel']",
200,Glycol Supply Temperature,Glycol Supply Temperature,True,1,"[1, 4, 66, 39]","['sensor', 'temp', 'glycol', 'leaving']",
201,Glycol Valve Position,Glycol Valve Position,True,7,"[3, 13, 66]","['cmd', 'valve', 'glycol']",
202,Exhaust Air Static Pressure,Exhaust Air Static Pressure,True,37,"[1, 6, 15, 65]","['sensor', 'pressure', 'air', 'exhaust']",
203,Precool Coil Discharge Air Temperature,Precool Coil Discharge Air Temperature,True,1,"[1, 4, 15, 36, 71, 250]","['sensor', 'temp', 'air', 'discharge', 'preCool', 'coil']",
206,Zone Cooling Temperature Setpoint,Zone Cooling Temperature Setpoint,True,1,"[2, 4, 15, 50, 62]","['sp', 'temp', 'air', 'cooling', 'zone']",
207,Chilled Water Return Flow,Chilled Water Return Flow,True,5,"[1, 7, 16, 49, 40]","['sensor', 'flow', 'water', 'chilled', 'entering']",
208,Reversing Valve Position,Reversing Valve Position,True,7,"[3, 13]","['cmd', 'valve']",
209,Lighting Status,Lighting Status,True,11,"[1, 19, 62]","['sensor', 'run', 'zone']",
210,Mixed Air Temperature Setpoint,Mixed Air Temperature Setpoint,True,1,"[2, 4, 15, 26]","['sp', 'temp', 'air', 'mixed']",
211,Chilled Water Return Temperature Setpoint,Chilled Water Return Temperature Setpoint,True,1,"[2, 4, 16, 49, 40]","['sp', 'temp', 'water', 'chilled', 'entering']",
213,Steam Supply Pressure,Steam Supply Pressure,True,3,"[1, 6, 17, 39]","['sensor', 'pressure', 'steam', 'leaving']",
215,Isolation Damper Position,Isolation Damper Position,True,7,"[3, 11, 34]","['cmd', 'damper', 'isolation']",
216,Chilled Water Bypass Valve Position,Chilled Water Bypass Valve Position,True,7,"[3, 13, 16, 32, 49]","['cmd', 'valve', 'water', 'bypass', 'chilled']",
217,Glycol Leaving Exhaust Coil Temperature,Glycol Leaving Exhaust Coil Temperature,True,1,"[1, 4, 39, 65, 66, 250]","['sensor', 'temp', 'leaving', 'exhaust', 'glycol', 'coil']",
218,Damper Position Setpoint,Damper Position Setpoint,True,7,"[2, 11, 15]","['sp', 'damper', 'air']",
220,Thermostat Status,Thermostat Status,True,11,"[1, 4, 50, 51, 62]","['sensor', 'temp', 'cooling', 'heating', 'zone']",
221,Real Power,Real Power,True,13,"[1, 10, 21, 73]","['sensor', 'elec', 'power', 'active']",
222,Reactive Power,Reactive Power,True,20,"[1, 10, 21, 74]","['sensor', 'elec', 'power', 'reactive']",
223,Apparent Power,Apparent Power,True,21,"[1, 10, 21, 75]","['sensor', 'elec', 'power', 'apparent']",
224,Water Consumption,Water Consumption,True,22,"[1, 16]","['sensor', 'water']",
226,Outside Air Wet Bulb Temperature,Outside Air Wet Bulb Temperature,True,1,"[1, 4, 15, 24, 76]","['sensor', 'temp', 'air', 'outside', 'wetBulb']",
227,Zone Humidity Setpoint,Zone Humidity Setpoint,True,2,"[2, 5, 15, 62]","['sp', 'humidity', 'air', 'zone']",
228,Mixed Air Humidity,Mixed Air Humidity,True,2,"[1, 5, 15, 26]","['sensor', 'humidity', 'air', 'mixed']",
229,Desiccant Rotor Speed,Desiccant Rotor Speed,True,17,"[3, 12]","['cmd', 'speed']",
230,Humidifier Valve Position,Humidifier Valve Position,True,7,"[3, 13, 15, 52]","['cmd', 'valve', 'air', 'humidify']",
231,Cooling Coil Entering Air Temperature,Cooling Coil Entering Air Temperature,True,1,"[1, 4, 15, 40, 50, 250]","['sensor', 'temp', 'air', 'entering', 'cooling', 'coil']",
233,Entering Dehumidification Air Temperature Setpoint,Entering Dehumidification Air Temperature Setpoint,True,1,"[2, 4, 15, 40, 83]","['sp', 'temp', 'air', 'entering', 'dehumidify']",
234,Entering Dehumidification Air Temperature,Entering Dehumidification Air Temperature,True,1,"[1, 4, 15, 40, 83]","['sensor', 'temp', 'air', 'entering', 'dehumidify']",
236,Exhaust Air Rotor Pressure,Exhaust Air Rotor Pressure,True,37,"[1, 6, 15, 65]","['sensor', 'pressure', 'air', 'exhaust']",
238,Reactivation Heater Status,Reactivation Heater Status,True,11,"[1, 19, 45]","['sensor', 'run', 'heat']",
239,Cooling Coil Valve Position,Cooling Coil Valve Position,True,7,"[3, 13, 50, 250]","['cmd', 'valve', 'cooling', 'coil']",
240,Heating Output,Heating Output,True,23,"[1, 51]","['sensor', 'heating']",
241,Humidifier Isolation Damper Position,Humidifier Isolation Damper Position,True,15,"[3, 11, 15, 34, 52]","['cmd', 'damper', 'air', 'isolation', 'humidify']",
242,Outside Air Enthalpy,Outside Air Enthalpy,True,24,"[1, 15, 24, 123]","['sensor', 'air', 'outside', 'enthalpy']",
243,Relief Air Temperature,Relief Air Temperature,True,1,"[1, 4, 15, 64]","['sensor', 'temp', 'air', 'relief']",
244,Relief Air Carbon Dioxide,Relief Air Carbon Dioxide,True,6,"[1, 8, 64, 15]","['sensor', 'co2', 'relief', 'air']",
245,Relief Air Humidity,Relief Air Humidity,True,2,"[1, 5, 15, 64]","['sensor', 'humidity', 'air', 'relief']",
165,Chilled Water Return Isolation Valve Position,Chilled Water Return Isolation Valve Position,True,7,"[3, 13, 16, 34, 40, 49]","['cmd', 'valve', 'water', 'isolation', 'entering', 'chilled']",
167,Enable,Enable,True,12,"[3, 19, 23]","['cmd', 'run', 'enable']",
98,Outside Air Humidity,Outside Air Humidity,True,2,"[1, 5, 15, 24]","['sensor', 'humidity', 'air', 'outside']",
101,Return Air Humidity,Return Air Humidity,True,2,"[1, 5, 15, 63]","['sensor', 'humidity', 'air', 'return']",
246,Enthalpy Setpoint,Enthalpy Setpoint,True,24,"[2, 123]","['sp', 'enthalpy']",
225,Outside Air Dew Point Temperature,Outside Air Dew Point Temperature,True,1,"[1, 4, 15, 24, 82]","['sensor', 'temp', 'air', 'outside', 'dewPoint']",
248,Glycol Differential Pressure Setpoint,Glycol Differential Pressure Setpoint,True,3,"[2, 6, 58, 66]","['sp', 'pressure', 'delta', 'glycol']",
249,Glycol Supply Temperature Setpoint,Glycol Supply Temperature Setpoint,True,1,"[2, 4, 66, 39]","['sp', 'temp', 'glycol', 'leaving']",
250,Exhaust Air Humidity Setpoint,Exhaust Air Humidity Setpoint,True,2,"[2, 5, 15, 65]","['sp', 'humidity', 'air', 'exhaust']",
251,Exhaust Air Humidity,Exhaust Air Humidity,True,2,"[1, 5, 15, 65]","['sensor', 'humidity', 'air', 'exhaust']",
252,Exhaust Air Carbon Dioxide,Exhaust Air Carbon Dioxide,True,6,"[1, 8, 15, 65]","['sensor', 'co2', 'air', 'exhaust']",
253,Heat Recovery Valve Position,Heat Recovery Valve Position,True,7,"[3, 13, 45]","['cmd', 'valve', 'heat']",
255,Heat Recovery Air Temperature Setpoint,Heat Recovery Air Temperature Setpoint,True,1,"[2, 4, 15, 45]","['sp', 'temp', 'air', 'heat']",
256,Discharge Air Humidity Setpoint,Discharge Air Humidity Setpoint,True,2,"[2, 5, 15, 36]","['sp', 'humidity', 'air', 'discharge']",
257,Heat Recovery Air Temperature,Heat Recovery Air Temperature,True,1,"[1, 4, 15, 45]","['sensor', 'temp', 'air', 'heat']",
258,Heating Coil Valve Position,Heating Coil Valve Position,True,7,"[3, 13, 51, 250]","['cmd', 'valve', 'heating', 'coil']",
266,Burner Level,Burner Level,True,7,"[3, 77]","['cmd', 'level']",
267,Discharge Air Temperature Cooling Setpoint,Discharge Air Temperature Cooling Setpoint,True,1,"[50, 36, 15, 4, 2]","['cooling', 'discharge', 'air', 'temp', 'sp']",
268,Discharge Air Temperature Heating Setpoint,Discharge Air Temperature Heating Setpoint,True,1,"[36, 15, 4, 2, 51]","['discharge', 'air', 'temp', 'sp', 'heating']",
272,Electric Current,Electric Current,True,28,"[1, 78, 10]","['sensor', 'current', 'elec']",
273,Electric Frequency,Electric Frequency,True,29,"[1, 10, 79]","['sensor', 'elec', 'frequency']",
274,Electric Voltage,Electric Voltage,True,30,"[1, 10, 80]","['sensor', 'elec', 'volt']",
271,Heat Sink Temperature,Heat Sink Temperature,True,1,"[4, 1, 45]","['temp', 'sensor', 'heat']",
260,State,State,True,26,"[1, 81]","['sensor', 'enum']",
275,Torque,Torque,True,31,[1],['sensor'],
269,Zone Dew Point Temperature Setpoint,Zone Dew Point Temperature Setpoint,True,1,"[4, 2, 62, 82]","['temp', 'sp', 'zone', 'dewPoint']",
270,Zone Dew Point Temperature,Zone Dew Point Temperature,True,1,"[1, 62, 82, 4]","['sensor', 'zone', 'dewPoint', 'temp']",
276,Return Air Enthalpy,Return Air Enthalpy,True,24,"[1, 63, 15, 123]","['sensor', 'return', 'air', 'enthalpy']",
235,Leaving Dehumidification Air Temperature,Leaving Dehumidification Air Temperature,True,1,"[1, 4, 15, 83, 39]","['sensor', 'temp', 'air', 'dehumidify', 'leaving']",
237,Leaving Dehumidification Air Temperature Setpoint,Leaving Dehumidification Air Temperature Setpoint,True,1,"[4, 15, 83, 39, 2]","['temp', 'air', 'dehumidify', 'leaving', 'sp']",
277,Occupancy Schedule,Occupancy Schedule,True,10,"[3, 55, 56, 110]","['cmd', 'occ', 'unocc', 'schedule']",
278,Apparent Energy,Apparent Energy,True,32,"[1, 75, 20, 10]","['sensor', 'apparent', 'energy', 'elec']",
279,Power Factor,Power Factor,True,33,"[1, 10, 84]","['sensor', 'elec', 'pf']",
280,Reactive Energy,Reactive Energy,True,34,"[1, 20, 74, 10]","['sensor', 'energy', 'reactive', 'elec']",
261,Elevator Position,Elevator Position,True,27,"[1, 85]","['sensor', 'elevator']",
262,Elevator Status,Elevator Status,True,26,"[1, 85, 81]","['sensor', 'elevator', 'enum']",
263,Elevator Mode,Elevator Mode,True,26,"[1, 85, 81]","['sensor', 'elevator', 'enum']",
264,Elevator Inspection Status,Elevator Inspection Status,True,26,"[1, 85, 81]","['sensor', 'elevator', 'enum']",
265,Elevator Action,Elevator Action,True,26,"[3, 85, 81]","['cmd', 'elevator', 'enum']",
281,Runtime Counter,Runtime Counter,True,35,"[1, 86]","['sensor', 'duration']",
282,Fault Status,Fault Status,True,11,"[1, 87]","['sensor', 'alarm']",
283,Leak Detection Alarm,Leak Detection Alarm,True,11,"[1, 87]","['sensor', 'alarm']",
284,Failure Status,Failure Status,True,11,"[1, 87]","['sensor', 'alarm']",
285,Hot Water Choke Valve Position,Hot Water Choke Valve Position,True,7,"[3, 35, 48, 16, 13]","['cmd', 'choke', 'hot', 'water', 'valve']",
286,Occupancy Command,Occupancy Command,True,10,"[3, 55, 56]","['cmd', 'occ', 'unocc']",
288,Relief Air Static Pressure Setpoint,Relief Air Static Pressure Setpoint,True,37,"[15, 6, 64, 2]","['air', 'pressure', 'relief', 'sp']",
289,Relief Air Static Pressure,Relief Air Static Pressure,True,37,"[15, 6, 64, 1]","['air', 'pressure', 'relief', 'sensor']",
290,Relief Air Differential Pressure Setpoint,Relief Air Differential Pressure Setpoint,True,37,"[15, 6, 64, 2, 58]","['air', 'pressure', 'relief', 'sp', 'delta']",
291,Elevator Power Status,Elevator Power Status,True,11,"[1, 85]","['sensor', 'elevator']",
292,Elevator Backup Power Status,Elevator Backup Power Status,True,11,"[1, 85]","['sensor', 'elevator']",
293,Elevator Generator Power Status,Elevator Generator Power Status,True,11,"[1, 85]","['sensor', 'elevator']",
294,Elevator Automatic Status,Elevator Automatic Status,True,11,"[1, 85]","['sensor', 'elevator']",
295,Elevator Safeties Status,Elevator Safeties Status,True,11,"[1, 85]","['sensor', 'elevator']",
296,Elevator Car Stop Status,Elevator Car Stop Status,True,11,"[1, 85]","['sensor', 'elevator']",
297,Elevator Doorzone Status,Elevator Doorzone Status,True,11,"[1, 85]","['sensor', 'elevator']",
298,Elevator Pit Flood Status,Elevator Pit Flood Status,True,11,"[1, 85]","['sensor', 'elevator']",
299,Elevator Thermal Overload Relay Status,Elevator Thermal Overload Relay Status,True,11,"[1, 85]","['sensor', 'elevator']",
300,Elevator Group Status,Elevator Group Status,True,11,"[1, 85]","['sensor', 'elevator']",
301,Elevator Swing Status,Elevator Swing Status,True,11,"[1, 85]","['sensor', 'elevator']",
302,Elevator Sabbath Service Status,Elevator Sabbath Service Status,True,11,"[1, 85]","['sensor', 'elevator']",
303,Elevator Overweight Status,Elevator Overweight Status,True,11,"[1, 85]","['sensor', 'elevator']",
304,Elevator Heavy Status,Elevator Heavy Status,True,11,"[1, 85]","['sensor', 'elevator']",
305,Elevator Down Direction Status,Elevator Down Direction Status,True,11,"[1, 85]","['sensor', 'elevator']",
306,Elevator Running Down Status,Elevator Running Down Status,True,11,"[1, 85]","['sensor', 'elevator']",
307,Elevator Up Status,Elevator Up Status,True,11,"[1, 85]","['sensor', 'elevator']",
308,Elevator Running Up Status,Elevator Running Up Status,True,11,"[1, 85]","['sensor', 'elevator']",
309,Elevator Front Open Limit Status,Elevator Front Open Limit Status,True,11,"[1, 85]","['sensor', 'elevator']",
310,Elevator Front Close Limit Status,Elevator Front Close Limit Status,True,11,"[1, 85]","['sensor', 'elevator']",
311,Elevator Front Edge Status,Elevator Front Edge Status,True,11,"[1, 85]","['sensor', 'elevator']",
312,Elevator Front Opening Status,Elevator Front Opening Status,True,11,"[1, 85]","['sensor', 'elevator']",
313,Elevator Front Closing Status,Elevator Front Closing Status,True,11,"[1, 85]","['sensor', 'elevator']",
314,Elevator Front Gate Status,Elevator Front Gate Status,True,11,"[1, 85]","['sensor', 'elevator']",
315,Elevator Front Lock Status,Elevator Front Lock Status,True,11,"[1, 85]","['sensor', 'elevator']",
316,Elevator Rear Open Limit Status,Elevator Rear Open Limit Status,True,11,"[1, 85]","['sensor', 'elevator']",
317,Elevator Rear Close Limit Status,Elevator Rear Close Limit Status,True,11,"[1, 85]","['sensor', 'elevator']",
318,Elevator Rear Edge Status,Elevator Rear Edge Status,True,11,"[1, 85]","['sensor', 'elevator']",
319,Elevator Rear Opening Status,Elevator Rear Opening Status,True,11,"[1, 85]","['sensor', 'elevator']",
320,Elevator Rear Closing Status,Elevator Rear Closing Status,True,11,"[1, 85]","['sensor', 'elevator']",
321,Elevator Rear Gate Status,Elevator Rear Gate Status,True,11,"[1, 85]","['sensor', 'elevator']",
322,Elevator Rear Lock Status,Elevator Rear Lock Status,True,11,"[1, 85]","['sensor', 'elevator']",
323,Elevator Independent Status,Elevator Independent Status,True,11,"[1, 85]","['sensor', 'elevator']",
324,Elevator Car to Lobby Status,Elevator Car to Lobby Status,True,11,"[1, 85]","['sensor', 'elevator']",
325,Mode Status,Mode Status,True,26,"[1, 81]","['sensor', 'enum']",
326,Mode Command,Mode Command,True,26,"[3, 81]","['cmd', 'enum']",
327,Cooling Output,Cooling Output,True,23,"[1, 50]","['sensor', 'cooling']",
328,Freeze Status,Freeze Status,True,11,"[1, 112, 87]","['sensor', 'freezeStat', 'alarm']",
329,Exhaust Air Flow Setpoint,Exhaust Air Flow Setpoint,True,4,"[2, 65, 15, 7]","['sp', 'exhaust', 'air', 'flow']",
330,Exhaust Air Dehumidify Setpoint,Exhaust Air Dehumidify Setpoint,True,2,"[2, 15, 83, 65, 5]","['sp', 'air', 'dehumidify', 'exhaust', 'humidity']",
331,Filter Status,Filter Status,True,11,"[1, 27]","['sensor', 'filter']",
287,Schedule,Schedule,True,36,"[3, 110]","['cmd', 'schedule']",
332,Cooling Command,Cooling Command,True,11,"[3, 50]","['cmd', 'cooling']",
333,Defrost Status,Defrost Status,True,11,"[1, 87, 112, 113]","['sensor', 'alarm', 'freezeStat', 'defrost']",
334,Dehumidification Status,Dehumidification Status,True,11,"[1, 83]","['sensor', 'dehumidify']",
335,Emergency Status,Emergency Status,True,11,"[1, 87]","['sensor', 'alarm']",
336,Exhaust Air Damper Status,Exhaust Air Damper Status,True,15,"[1, 11, 65, 15]","['sensor', 'damper', 'exhaust', 'air']",
337,Exhaust Air Velocity Pressure,Exhaust Air Velocity Pressure,True,37,"[1, 65, 6, 15, 59]","['sensor', 'exhaust', 'pressure', 'air', 'dynamic']",
338,Expansion Valve Position,Expansion Valve Position,True,7,"[3, 13, 18]","['cmd', 'valve', 'refrig']",
339,Face Velocity,Face Velocity,True,38,"[1, 115, 15]","['sensor', 'linearVelocity', 'air']",
340,Duct Static Pressure,Duct Static Pressure,True,37,"[1, 6, 15, 190]","['sensor', 'pressure', 'air', 'duct']",
341,Duct Static Pressure Setpoint,Duct Static Pressure Setpoint,True,37,"[6, 15, 2, 190]","['pressure', 'air', 'sp', 'duct']",
342,Heat Wheel Command,Heat Wheel Command,True,11,"[3, 19, 70]","['cmd', 'run', 'heatWheel']",
343,Heating Command,Heating Command,True,11,"[3, 51]","['cmd', 'heating']",
344,Lockout Command,Lockout Command,True,11,"[3, 117]","['cmd', 'lockout']",
345,Max Air Flow Setpoint Limit,Max Air Flow Setpoint Limit,True,4,"[2, 118, 60, 7, 15]","['sp', 'limit', 'max', 'flow', 'air']",
346,Max Cooling Air Flow Setpoint Limit,Max Cooling Air Flow Setpoint Limit,True,4,"[2, 118, 60, 7, 50, 15]","['sp', 'limit', 'max', 'flow', 'cooling', 'air']",
347,Max Heating Air Flow Setpoint Limit,Max Heating Air Flow Setpoint Limit,True,4,"[2, 118, 60, 7, 51, 15]","['sp', 'limit', 'max', 'flow', 'heating', 'air']",
348,Max Occupied Cooling Air Flow Setpoint Limit,Max Occupied Cooling Air Flow Setpoint Limit,True,4,"[2, 118, 60, 55, 7, 50, 15]","['sp', 'limit', 'max', 'occ', 'flow', 'cooling', 'air']",
349,Max Occupied Heating Air Flow Setpoint Limit,Max Occupied Heating Air Flow Setpoint Limit,True,4,"[2, 118, 60, 55, 7, 51, 15]","['sp', 'limit', 'max', 'occ', 'flow', 'heating', 'air']",
350,Max Air Static Pressure Setpoint Limit,Max Air Static Pressure Setpoint Limit,True,37,"[2, 118, 60, 6, 15]","['sp', 'limit', 'max', 'pressure', 'air']",
351,Max Unoccupied Cooling Air Flow Setpoint Limit,Max Unoccupied Cooling Air Flow Setpoint Limit,True,4,"[2, 118, 60, 56, 7, 50, 15]","['sp', 'limit', 'max', 'unocc', 'flow', 'cooling', 'air']",
352,Max Unoccupied Heating Air Flow Setpoint Limit,Max Unoccupied Heating Air Flow Setpoint Limit,True,4,"[2, 118, 60, 56, 7, 51, 15]","['sp', 'limit', 'max', 'unocc', 'flow', 'heating', 'air']",
353,Min Air Flow Setpoint Limit,Min Air Flow Setpoint Limit,True,4,"[2, 118, 61, 7, 15]","['sp', 'limit', 'min', 'flow', 'air']",
354,Min Cooling Air Flow Setpoint Limit,Min Cooling Air Flow Setpoint Limit,True,4,"[2, 118, 61, 7, 50, 15]","['sp', 'limit', 'min', 'flow', 'cooling', 'air']",
355,Min Heating Air Flow Setpoint Limit,Min Heating Air Flow Setpoint Limit,True,4,"[2, 118, 61, 7, 51, 15]","['sp', 'limit', 'min', 'flow', 'heating', 'air']",
356,Min Occupied Cooling Air Flow Setpoint Limit,Min Occupied Cooling Air Flow Setpoint Limit,True,4,"[2, 118, 61, 55, 7, 50, 15]","['sp', 'limit', 'min', 'occ', 'flow', 'cooling', 'air']",
357,Min Occupied Heating Air Flow Setpoint Limit,Min Occupied Heating Air Flow Setpoint Limit,True,4,"[2, 118, 61, 55, 7, 51, 15]","['sp', 'limit', 'min', 'occ', 'flow', 'heating', 'air']",
358,Min Air Static Pressure Setpoint Limit,Min Air Static Pressure Setpoint Limit,True,37,"[2, 118, 61, 6, 15]","['sp', 'limit', 'min', 'pressure', 'air']",
359,Min Unoccupied Cooling Air Flow Setpoint Limit,Min Unoccupied Cooling Air Flow Setpoint Limit,True,4,"[2, 118, 61, 56, 7, 50, 15]","['sp', 'limit', 'min', 'unocc', 'flow', 'cooling', 'air']",
360,Min Unoccupied Heating Air Flow Setpoint Limit,Min Unoccupied Heating Air Flow Setpoint Limit,True,4,"[2, 118, 61, 56, 7, 51, 15]","['sp', 'limit', 'min', 'unocc', 'flow', 'heating', 'air']",
361,Outside Air Damper Status,Outside Air Damper Status,True,15,"[1, 11, 24, 15]","['sensor', 'damper', 'outside', 'air']",
364,Preheat Command,Preheat Command,True,11,"[3, 43]","['cmd', 'preHeat']",
365,Preheating Stage,Preheating Stage,True,8,"[3, 14, 19, 43]","['cmd', 'stage', 'run', 'preHeat']",
366,Refrigerant Differential Temperature,Refrigerant Differential Temperature,True,1,"[1, 18, 4, 58]","['sensor', 'refrig', 'temp', 'delta']",
367,Refrigerant Pressure,Refrigerant Pressure,True,3,"[1, 18, 6]","['sensor', 'refrig', 'pressure']",
368,Refrigerant Temperature,Refrigerant Temperature,True,1,"[1, 18, 4]","['sensor', 'refrig', 'temp']",
369,Reheat Command,Reheat Command,True,11,"[3, 44]","['cmd', 'reheats']",
370,Sash Position,Sash Position,True,7,[3],['cmd'],
371,Smoke Detection Status,Smoke Detection Status,True,11,"[1, 87]","['sensor', 'alarm']",
372,Suction Pressure,Suction Pressure,True,37,"[1, 6]","['sensor', 'pressure']",
362,Overridden Status,Overridden Status,True,11,[1],['sensor'],
363,Override Command,Override Command,True,11,[3],['cmd'],
373,Max Speed Setpoint Limit,Max Speed Setpoint Limit,True,17,"[2, 60, 118, 12]","['sp', 'max', 'limit', 'speed']",
374,Min Speed Setpoint Limit,Min Speed Setpoint Limit,True,17,"[2, 61, 118, 12]","['sp', 'min', 'limit', 'speed']",
375,Reset Command,Reset Command,True,11,"[3, 119]","['cmd', 'reset']",
376,Chilled Water Differential Temperature Setpoint,Chilled Water Differential Temperature Setpoint,True,1,"[2, 16, 49, 58, 4]","['sp', 'water', 'chilled', 'delta', 'temp']",
377,Chilled Water Return Flow Setpoint,Chilled Water Return Flow Setpoint,True,5,"[2, 49, 40, 7, 16]","['sp', 'chilled', 'entering', 'flow', 'water']",
378,Chilled Water Supply Flow Setpoint,Chilled Water Supply Flow Setpoint,True,5,"[2, 49, 39, 7, 16]","['sp', 'chilled', 'leaving', 'flow', 'water']",
379,Chilled Water Supply Isolation Valve Position,Chilled Water Supply Isolation Valve Position,True,7,"[3, 16, 49, 34, 13, 39]","['cmd', 'water', 'chilled', 'isolation', 'valve', 'leaving']",
380,Condenser Water Bypass Valve Position,Condenser Water Bypass Valve Position,True,7,"[3, 16, 32, 124]","['cmd', 'water', 'bypass', 'condenserWater']",
381,Condenser Water Differential Pressure,Condenser Water Differential Pressure,True,3,"[1, 16, 58, 6, 124]","['sensor', 'water', 'delta', 'pressure', 'condenserWater']",
382,Condenser Water Differential Pressure Setpoint,Condenser Water Differential Pressure Setpoint,True,3,"[2, 16, 58, 6, 124]","['sp', 'water', 'delta', 'pressure', 'condenserWater']",
383,Condenser Water Differential Temperature,Condenser Water Differential Temperature,True,1,"[1, 16, 58, 4, 124]","['sensor', 'water', 'delta', 'temp', 'condenserWater']",
384,Condenser Water Differential Temperature Setpoint,Condenser Water Differential Temperature Setpoint,True,1,"[2, 16, 58, 4, 124]","['sp', 'water', 'delta', 'temp', 'condenserWater']",
385,Condenser Water Return Flow,Condenser Water Return Flow,True,5,"[1, 16, 40, 7, 124]","['sensor', 'water', 'entering', 'flow', 'condenserWater']",
386,Condenser Water Return Flow Setpoint,Condenser Water Return Flow Setpoint,True,5,"[2, 16, 40, 124]","['sp', 'water', 'entering', 'condenserWater']",
387,Condenser Water Isolation Valve Position,Condenser Water Isolation Valve Position,True,7,"[3, 16, 34, 13, 124]","['cmd', 'water', 'isolation', 'valve', 'condenserWater']",
388,Condenser Water Return Temperature,Condenser Water Return Temperature,True,1,"[1, 16, 40, 4, 124]","['sensor', 'water', 'entering', 'temp', 'condenserWater']",
389,Condenser Water Return Temperature Setpoint,Condenser Water Return Temperature Setpoint,True,1,"[2, 16, 40, 4, 124]","['sp', 'water', 'entering', 'temp', 'condenserWater']",
390,Condenser Water Supply Flow,Condenser Water Supply Flow,True,5,"[1, 16, 39, 7, 124]","['sensor', 'water', 'leaving', 'flow', 'condenserWater']",
391,Condenser Water Supply Flow Setpoint,Condenser Water Supply Flow Setpoint,True,5,"[2, 16, 39, 7, 124]","['sp', 'water', 'leaving', 'flow', 'condenserWater']",
392,Condenser Water Supply Temperature,Condenser Water Supply Temperature,True,1,"[1, 16, 39, 4, 124]","['sensor', 'water', 'leaving', 'temp', 'condenserWater']",
393,Condenser Water Supply Temperature Setpoint,Condenser Water Supply Temperature Setpoint,True,1,"[2, 16, 39, 4, 124]","['sp', 'water', 'leaving', 'temp', 'condenserWater']",
394,Condenser Water Valve Position,Condenser Water Valve Position,True,7,"[3, 16, 13, 124]","['cmd', 'water', 'valve', 'condenserWater']",
395,Discharge Air Damper Position,Discharge Air Damper Position,True,7,"[3, 36, 15, 11]","['cmd', 'discharge', 'air', 'damper']",
396,Dual-Temp Water Differential Temperature,Dual-Temp Water Differential Temperature,True,1,"[1, 16, 47, 58, 4]","['sensor', 'water', 'dualTemp', 'delta', 'temp']",
397,Dual-Temp Water Return Temperature Setpoint,Dual-Temp Water Return Temperature Setpoint,True,1,"[2, 16, 47, 40, 4]","['sp', 'water', 'dualTemp', 'entering', 'temp']",
398,Dual-Temp Water Supply Temperature Setpoint,Dual-Temp Water Supply Temperature Setpoint,True,1,"[2, 16, 47, 39, 4]","['sp', 'water', 'dualTemp', 'leaving', 'temp']",
399,Electric Current Setpoint,Electric Current Setpoint,True,28,"[2, 78, 10]","['sp', 'current', 'elec']",
400,Gas Consumption,Gas Consumption,True,14,"[1, 20, 28, 157]","['sensor', 'energy', 'total', 'naturalGas']",
401,Gas Flow,Gas Flow,True,39,"[1, 7, 157, 121]","['sensor', 'flow', 'naturalGas', 'gas']",
402,Hot Water Bypass Valve Position,Hot Water Bypass Valve Position,True,7,"[3, 16, 48, 13, 32]","['cmd', 'water', 'hot', 'valve', 'bypass']",
403,Hot Water Return Temperature Setpoint,Hot Water Return Temperature Setpoint,True,1,"[2, 16, 48, 40, 4]","['sp', 'water', 'hot', 'entering', 'temp']",
404,Load,Load,True,23,[1],['sensor'],
405,Max Zone Temperature Setpoint Limit,Max Zone Temperature Setpoint Limit,True,1,"[2, 118, 60, 15, 4, 62]","['sp', 'limit', 'max', 'air', 'temp', 'zone']",
406,Min Zone Temperature Setpoint Limit,Min Zone Temperature Setpoint Limit,True,1,"[2, 118, 61, 15, 4, 62]","['sp', 'limit', 'min', 'air', 'temp', 'zone']",
407,Motor Temperature,Motor Temperature,True,1,"[1, 4]","['sensor', 'temp']",
408,Oil Differential Pressure,Oil Differential Pressure,True,3,"[1, 58, 6, 193]","['sensor', 'delta', 'pressure', 'oil']",
409,Precool Coil Discharge Air Temperature Setpoint,Precool Coil Discharge Air Temperature Setpoint,True,1,"[2, 36, 15, 4, 71, 250]","['sp', 'discharge', 'air', 'temp', 'preCool', 'coil']",
410,Preheat Coil Discharge Air Temperature Setpoint,Preheat Coil Discharge Air Temperature Setpoint,True,1,"[2, 36, 15, 4, 43, 250]","['sp', 'discharge', 'air', 'temp', 'preHeat', 'coil']",
411,Refrigerant Level,Refrigerant Level,True,23,"[1, 18, 77]","['sensor', 'refrig', 'level']",
412,Return Air Humidity Setpoint,Return Air Humidity Setpoint,True,2,"[2, 15, 5, 63]","['sp', 'air', 'humidity', 'return']",
413,Steam Consumption,Steam Consumption,True,14,"[1, 20, 28, 17]","['sensor', 'energy', 'total', 'steam']",
414,Steam Pressure Setpoint,Steam Pressure Setpoint,True,3,"[2, 6, 17]","['sp', 'pressure', 'steam']",
415,Steam Temperature Setpoint,Steam Temperature Setpoint,True,1,"[2, 4, 17]","['sp', 'temp', 'steam']",
416,Supply Air Damper Position,Supply Air Damper Position,True,7,"[3, 122, 15, 11]","['cmd', 'supply', 'air', 'damper']",
417,Supply Air Enthalpy,Supply Air Enthalpy,True,24,"[1, 122, 15, 123]","['sensor', 'supply', 'air', 'enthalpy']",
418,Supply Air Flow,Supply Air Flow,True,4,"[1, 122, 15, 7]","['sensor', 'supply', 'air', 'flow']",
419,Supply Air Flow Setpoint,Supply Air Flow Setpoint,True,4,"[2, 122, 15, 7]","['sp', 'supply', 'air', 'flow']",
420,Supply Air Humidity,Supply Air Humidity,True,2,"[1, 122, 15, 5]","['sensor', 'supply', 'air', 'humidity']",
421,Supply Air Humidity Setpoint,Supply Air Humidity Setpoint,True,2,"[2, 122, 15, 5]","['sp', 'supply', 'air', 'humidity']",
422,Supply Air Rotor Pressure,Supply Air Rotor Pressure,True,37,"[1, 122, 15, 6]","['sensor', 'supply', 'air', 'pressure']",
423,Supply Air Static Pressure,Supply Air Static Pressure,True,37,"[1, 122, 15, 6]","['sensor', 'supply', 'air', 'pressure']",
424,Supply Air Static Pressure Setpoint,Supply Air Static Pressure Setpoint,True,37,"[2, 122, 15, 6]","['sp', 'supply', 'air', 'pressure']",
425,Supply Air Temperature,Supply Air Temperature,True,1,"[1, 122, 15, 4]","['sensor', 'supply', 'air', 'temp']",
426,Supply Air Temperature Cooling Setpoint,Supply Air Temperature Cooling Setpoint,True,1,"[2, 122, 15, 4, 50]","['sp', 'supply', 'air', 'temp', 'cooling']",
427,Supply Air Temperature Heating Setpoint,Supply Air Temperature Heating Setpoint,True,1,"[2, 122, 15, 4, 51]","['sp', 'supply', 'air', 'temp', 'heating']",
428,Supply Air Temperature Setpoint,Supply Air Temperature Setpoint,True,1,"[2, 122, 15, 4]","['sp', 'supply', 'air', 'temp']",
429,Supply Air Velocity Pressure,Supply Air Velocity Pressure,True,37,"[1, 122, 15, 59]","['sensor', 'supply', 'air', 'dynamic']",
430,System Shutdown Status,System Shutdown Status,True,11,[1],['sensor'],
431,Zone Cooling Temperature Effective Setpoint,Zone Cooling Temperature Effective Setpoint,True,1,"[2, 15, 4, 62, 50, 54]","['sp', 'air', 'temp', 'zone', 'cooling', 'effective']",
432,Zone Heating Temperature Effective Setpoint,Zone Heating Temperature Effective Setpoint,True,1,"[2, 15, 4, 62, 51, 54]","['sp', 'air', 'temp', 'zone', 'heating', 'effective']",
433,Discharge Air Temperature Effective Setpoint,Discharge Air Temperature Effective Setpoint,True,1,"[2, 36, 15, 4, 54]","['sp', 'discharge', 'air', 'temp', 'effective']",
434,Virtual,Virtual,True,18,[125],['virtual'],
435,Hot Water Supply Pressure,Hot Water Supply Pressure,True,3,"[1, 6, 48, 16, 122]","['sensor', 'pressure', 'hot', 'water', 'supply']",
436,Hot Water Supply Pressure Setpoint,Hot Water Supply Pressure Setpoint,True,3,"[2, 6, 48, 16, 122]","['sp', 'pressure', 'hot', 'water', 'supply']",
437,Hot Water Return Pressure,Hot Water Return Pressure,True,3,"[1, 6, 48, 16, 63]","['sensor', 'pressure', 'hot', 'water', 'return']",
438,High Temperature Alarm,High Temperature Alarm,True,11,"[1, 87, 4, 227]","['sensor', 'alarm', 'temp', 'high']",
439,Low Temperature Alarm,Low Temperature Alarm,True,11,"[1, 87, 4, 231]","['sensor', 'alarm', 'temp', 'low']",
440,Gas Concentration,Gas Concentration,True,6,"[1, 121]","['sensor', 'gas']",
441,Supply Air Carbon Dioxide,Supply Air Carbon Dioxide,True,6,"[1, 15, 122, 8]","['sensor', 'air', 'supply', 'co2']",
442,Max Damper Position Setpoint Limit,Max Damper Position Setpoint Limit,True,7,"[2, 118, 60, 11]","['sp', 'limit', 'max', 'damper']",
443,Min Damper Position Setpoint Limit,Min Damper Position Setpoint Limit,True,7,"[2, 118, 61, 11]","['sp', 'limit', 'min', 'damper']",
444,High Pressure Alarm,High Pressure Alarm,True,11,"[1, 87, 6, 227]","['sensor', 'alarm', 'pressure', 'high']",
445,Low Pressure Alarm,Low Pressure Alarm,True,11,"[1, 87, 6, 231]","['sensor', 'alarm', 'pressure', 'low']",
446,High Humidity Alarm,High Humidity Alarm,True,11,"[1, 87, 5, 227]","['sensor', 'alarm', 'humidity', 'high']",
447,Low Humidity Alarm,Low Humidity Alarm,True,11,"[1, 87, 5, 231]","['sensor', 'alarm', 'humidity', 'low']",
448,High Carbon Dioxide Alarm,High Carbon Dioxide Alarm,True,11,"[1, 87, 8, 227]","['sensor', 'alarm', 'co2', 'high']",
449,Chilled Water Supply Pressure,Chilled Water Supply Pressure,True,3,"[1, 6, 49, 16, 39]","['sensor', 'pressure', 'chilled', 'water', 'leaving']",
450,Chilled Water Return Pressure,Chilled Water Return Pressure,True,3,"[1, 6, 49, 16, 40]","['sensor', 'pressure', 'chilled', 'water', 'entering']",
451,Hot Water Valve Status,Hot Water Valve Status,True,15,"[1, 16, 48, 13]","['sensor', 'water', 'hot', 'valve']",
452,Supply Air Damper Status,Supply Air Damper Status,True,15,"[1, 15, 122, 11]","['sensor', 'air', 'supply', 'damper']",
453,Isolation Valve Status,Isolation Valve Status,True,15,"[1, 34, 13]","['sensor', 'isolation', 'valve']",
454,Isolation Damper Status,Isolation Damper Status,True,15,"[1, 34, 11]","['sensor', 'isolation', 'damper']",
455,Chilled Water Pressure Setpoint,Chilled Water Pressure Setpoint,True,3,"[2, 16, 6, 49]","['sp', 'water', 'pressure', 'chilled']",
456,Condenser Water Supply Pressure,Condenser Water Supply Pressure,True,3,"[1, 16, 39, 6, 124]","['sensor', 'water', 'leaving', 'pressure', 'condenserWater']",
457,Condenser Water Return Pressure,Condenser Water Return Pressure,True,3,"[1, 16, 40, 6, 124]","['sensor', 'water', 'entering', 'pressure', 'condenserWater']",
458,Condenser Water Pressure Setpoint,Condenser Water Pressure Setpoint,True,3,"[2, 16, 6, 124]","['sp', 'water', 'pressure', 'condenserWater']",
459,Chilled Water Valve Status,Chilled Water Valve Status,True,15,"[1, 49, 16, 13]","['sensor', 'chilled', 'water', 'valve']",
460,Exhaust Air Differential Pressure,Exhaust Air Differential Pressure,True,37,"[1, 65, 15, 58, 6]","['sensor', 'exhaust', 'air', 'delta', 'pressure']",
461,Collection Basin Water Temperature,Collection Basin Water Temperature,True,1,"[1, 192, 96, 16, 4]","['sensor', 'collectionBasin', 'coolingTower', 'water', 'temp']",
462,Supply Air Differential Pressure,Supply Air Differential Pressure,True,37,"[1, 58, 15, 6, 122]","['sensor', 'delta', 'air', 'pressure', 'supply']",
463,Return Air Damper Status,Return Air Damper Status,True,15,"[1, 15, 63, 11]","['sensor', 'air', 'return', 'damper']",
464,Min Temperature Setpoint Limit,Min Temperature Setpoint Limit,True,1,"[2, 61, 4, 118]","['sp', 'min', 'temp', 'limit']",
465,Max Temperature Setpoint Limit,Max Temperature Setpoint Limit,True,1,"[2, 60, 4, 118]","['sp', 'max', 'temp', 'limit']",
466,Supply Air Temperature Effective Setpoint,Supply Air Temperature Effective Setpoint,True,1,"[2, 4, 122, 15, 54]","['sp', 'temp', 'supply', 'air', 'effective']",
467,Supply Air Dehumidify Setpoint,Supply Air Dehumidify Setpoint,True,2,"[2, 122, 15, 83]","['sp', 'supply', 'air', 'dehumidify']",
468,Water Flow,Water Flow,True,5,"[1, 16, 7]","['sensor', 'water', 'flow']",
469,Reheat Coil Discharge Air Temperature Setpoint,Reheat Coil Discharge Air Temperature Setpoint,True,1,"[2, 36, 15, 4, 44, 250]","['sp', 'discharge', 'air', 'temp', 'reheats', 'coil']",
470,Exhaust Air Differential Temperature,Exhaust Air Differential Temperature,True,1,"[1, 2, 4, 65, 58]","['sensor', 'sp', 'temp', 'exhaust', 'delta']",
471,Hot Water Supply Flow Setpoint,Hot Water Supply Flow Setpoint,True,5,"[2, 16, 48, 39, 7]","['sp', 'water', 'hot', 'leaving', 'flow']",
472,Max Air Temperature Setpoint Limit,Max Air Temperature Setpoint Limit,True,1,"[2, 118, 60, 15, 4]","['sp', 'limit', 'max', 'air', 'temp']",
473,Average Electric Current,Average Electric Current,True,28,"[213, 78, 10, 1]","['avg', 'current', 'elec', 'sensor']",
474,Average Electric Voltage,Average Electric Voltage,True,30,"[213, 10, 1, 80]","['avg', 'elec', 'sensor', 'volt']",
475,Average Neutral Voltage,Average Neutral Voltage,True,30,"[213, 10, 234, 1, 80]","['avg', 'elec', 'neutralVoltage', 'sensor', 'volt']",
476,Average Supply Air Temperature,Average Supply Air Temperature,True,1,"[15, 213, 1, 122, 4]","['air', 'avg', 'sensor', 'supply', 'temp']",
478,Brightness Level,Brightness Level,True,23,"[77, 1]","['level', 'sensor']",
479,Building Air Static Pressure,Building Air Static Pressure,True,37,"[15, 214, 6, 1]","['air', 'building', 'pressure', 'sensor']",
480,Building Air Static Pressure Setpoint,Building Air Static Pressure Setpoint,True,37,"[15, 214, 6, 2]","['air', 'building', 'pressure', 'sp']",
698,Bypass Damper Position Sensor,Bypass Damper Position Sensor,True,11,"[32, 11, 1]","['bypass', 'damper', 'sensor']",
481,Bypass Return Air Temperature,Bypass Return Air Temperature,True,1,"[15, 32, 63, 1, 4]","['air', 'bypass', 'return', 'sensor', 'temp']",
482,Bypass Valve Position,Bypass Valve Position,True,7,"[32, 3, 13]","['bypass', 'cmd', 'valve']",
483,Bypass Valve Position Sensor,Bypass Valve Position Sensor,True,7,"[32, 1, 13]","['bypass', 'sensor', 'valve']",
477,Charge Level,Charge Level,True,23,"[215, 77, 1]","['charge', 'level', 'sensor']",
484,Chilled Water Bypass Valve Position Sensor,Chilled Water Bypass Valve Position Sensor,True,7,"[32, 49, 1, 13, 16]","['bypass', 'chilled', 'sensor', 'valve', 'water']",
485,Chilled Water Isolation Valve Command,Chilled Water Isolation Valve Command,True,15,"[49, 3, 34, 13, 16]","['chilled', 'cmd', 'isolation', 'valve', 'water']",
486,Chilled Water Isolation Valve Position Sensor,Chilled Water Isolation Valve Position Sensor,True,7,"[49, 34, 1, 13, 16]","['chilled', 'isolation', 'sensor', 'valve', 'water']",
487,Chilled Water Isolation Valve Status,Chilled Water Isolation Valve Status,True,15,"[49, 34, 1, 13, 16]","['chilled', 'isolation', 'sensor', 'valve', 'water']",
488,Chilled Water Return Flow Status,Chilled Water Return Flow Status,True,11,"[49, 40, 7, 1, 16]","['chilled', 'entering', 'flow', 'sensor', 'water']",
489,Chilled Water Return Isolation Valve Command,Chilled Water Return Isolation Valve Command,True,15,"[49, 3, 40, 34, 13, 16]","['chilled', 'cmd', 'entering', 'isolation', 'valve', 'water']",
490,Chilled Water Return Isolation Valve Position Sensor,Chilled Water Return Isolation Valve Position Sensor,True,7,"[49, 40, 34, 1, 13, 16]","['chilled', 'entering', 'isolation', 'sensor', 'valve', 'water']",
491,Chilled Water Return Isolation Valve Status,Chilled Water Return Isolation Valve Status,True,15,"[49, 40, 34, 1, 13, 16]","['chilled', 'entering', 'isolation', 'sensor', 'valve', 'water']",
506,Chilled Water Return Pressure Setpoint,Chilled Water Return Pressure Setpoint,True,3,"[49, 40, 6, 2, 16]","['chilled', 'entering', 'pressure', 'sp', 'water']",
492,Chilled Water Supply Isolation Valve Command,Chilled Water Supply Isolation Valve Command,True,15,"[49, 3, 34, 39, 13, 16]","['chilled', 'cmd', 'isolation', 'leaving', 'valve', 'water']",
493,Chilled Water Supply Isolation Valve Position Sensor,Chilled Water Supply Isolation Valve Position Sensor,True,7,"[49, 34, 39, 1, 13, 16]","['chilled', 'isolation', 'leaving', 'sensor', 'valve', 'water']",
494,Chilled Water Supply Isolation Valve Status,Chilled Water Supply Isolation Valve Status,True,15,"[49, 34, 39, 1, 13, 16]","['chilled', 'isolation', 'leaving', 'sensor', 'valve', 'water']",
495,Chilled Water Valve Command,Chilled Water Valve Command,True,15,"[49, 3, 13, 16]","['chilled', 'cmd', 'valve', 'water']",
496,Chilled Water Valve Failure Status,Chilled Water Valve Failure Status,True,11,"[87, 49, 223, 1, 13, 16]","['alarm', 'chilled', 'failure', 'sensor', 'valve', 'water']",
497,Chilled Water Valve Position Sensor,Chilled Water Valve Position Sensor,True,7,"[49, 1, 13, 16]","['chilled', 'sensor', 'valve', 'water']",
689,Cold Deck Air Temperature,Cold Deck Air Temperature,True,1,"[15, 217, 1, 4]","['air', 'coldDeck', 'sensor', 'temp']",
687,Communication Loss Alarm,Communication Loss Alarm,True,11,"[87, 218, 1]","['alarm', 'communication', 'sensor']",
685,Communication Status,Communication Status,True,11,"[218, 1]","['communication', 'sensor']",
675,Compressor Command,Compressor Command,True,11,"[3, 219, 19]","['cmd', 'compressor', 'run']",
678,Compressor Speed,Compressor Speed,True,17,"[3, 219, 12]","['cmd', 'compressor', 'speed']",
677,Compressor Speed Sensor,Compressor Speed Sensor,True,17,"[219, 1, 12]","['compressor', 'sensor', 'speed']",
676,Compressor Status,Compressor Status,True,11,"[219, 19, 1]","['compressor', 'run', 'sensor']",
498,Condenser Water Bypass Valve Position Sensor,Condenser Water Bypass Valve Position Sensor,True,7,"[32, 124, 1, 13, 16]","['bypass', 'condenserWater', 'sensor', 'valve', 'water']",
499,Condenser Water Isolation Valve Command,Condenser Water Isolation Valve Command,True,15,"[3, 124, 34, 13, 16]","['cmd', 'condenserWater', 'isolation', 'valve', 'water']",
500,Condenser Water Isolation Valve Position Sensor,Condenser Water Isolation Valve Position Sensor,True,7,"[124, 34, 1, 13, 16]","['condenserWater', 'isolation', 'sensor', 'valve', 'water']",
501,Condenser Water Isolation Valve Status,Condenser Water Isolation Valve Status,True,15,"[124, 34, 1, 13, 16]","['condenserWater', 'isolation', 'sensor', 'valve', 'water']",
502,Condenser Water Return Isolation Valve Command,Condenser Water Return Isolation Valve Command,True,15,"[3, 124, 40, 34, 13, 16]","['cmd', 'condenserWater', 'entering', 'isolation', 'valve', 'water']",
503,Condenser Water Return Isolation Valve Position,Condenser Water Return Isolation Valve Position,True,7,"[3, 124, 40, 34, 13, 16]","['cmd', 'condenserWater', 'entering', 'isolation', 'valve', 'water']",
504,Condenser Water Return Isolation Valve Position Sensor,Condenser Water Return Isolation Valve Position Sensor,True,7,"[124, 40, 34, 1, 13, 16]","['condenserWater', 'entering', 'isolation', 'sensor', 'valve', 'water']",
505,Condenser Water Return Isolation Valve Status,Condenser Water Return Isolation Valve Status,True,15,"[124, 40, 34, 1, 13, 16]","['condenserWater', 'entering', 'isolation', 'sensor', 'valve', 'water']",
507,Condenser Water Supply Flow Status,Condenser Water Supply Flow Status,True,11,"[124, 7, 39, 1, 16]","['condenserWater', 'flow', 'leaving', 'sensor', 'water']",
508,Condenser Water Supply Isolation Valve Command,Condenser Water Supply Isolation Valve Command,True,15,"[3, 124, 34, 39, 13, 16]","['cmd', 'condenserWater', 'isolation', 'leaving', 'valve', 'water']",
509,Condenser Water Supply Isolation Valve Position,Condenser Water Supply Isolation Valve Position,True,7,"[3, 124, 34, 39, 13, 16]","['cmd', 'condenserWater', 'isolation', 'leaving', 'valve', 'water']",
510,Condenser Water Supply Isolation Valve Position Sensor,Condenser Water Supply Isolation Valve Position Sensor,True,7,"[124, 34, 39, 1, 13, 16]","['condenserWater', 'isolation', 'leaving', 'sensor', 'valve', 'water']",
511,Condenser Water Supply Isolation Valve Status,Condenser Water Supply Isolation Valve Status,True,15,"[124, 34, 39, 1, 13, 16]","['condenserWater', 'isolation', 'leaving', 'sensor', 'valve', 'water']",
512,Condenser Water Valve Position Sensor,Condenser Water Valve Position Sensor,True,7,"[124, 1, 13, 16]","['condenserWater', 'sensor', 'valve', 'water']",
513,Cooling Air Damper Position,Cooling Air Damper Position,True,7,"[15, 3, 50, 11]","['air', 'cmd', 'cooling', 'damper']",
514,Cooling Air Flow,Cooling Air Flow,True,4,"[15, 50, 7, 1]","['air', 'cooling', 'flow', 'sensor']",
515,Cooling Air Flow Setpoint,Cooling Air Flow Setpoint,True,4,"[15, 50, 7, 2]","['air', 'cooling', 'flow', 'sp']",
516,Cooling Coil Discharge Air Temperature Setpoint,Cooling Coil Discharge Air Temperature Setpoint,True,1,"[15, 50, 36, 2, 4, 250]","['air', 'cooling', 'discharge', 'sp', 'temp', 'coil']",
517,Cooling Coil Valve Command,Cooling Coil Valve Command,True,15,"[3, 50, 13, 250]","['cmd', 'cooling', 'valve', 'coil']",
519,Cooling Request,Cooling Request,True,57,"[50, 240, 1]","['cooling', 'request', 'sensor']",
520,Cooling Status,Cooling Status,True,11,"[50, 1]","['cooling', 'sensor']",
524,Dehumidification Command,Dehumidification Command,True,11,"[3, 83]","['cmd', 'dehumidify']",
694,Dial Resistance,Dial Resistance,True,54,"[10, 241, 1]","['elec', 'resistance', 'sensor']",
525,Discharge Air Damper Command,Discharge Air Damper Command,True,15,"[15, 3, 11, 36]","['air', 'cmd', 'damper', 'discharge']",
526,Discharge Air Damper Position Sensor,Discharge Air Damper Position Sensor,True,7,"[15, 11, 36, 1]","['air', 'damper', 'discharge', 'sensor']",
527,Discharge Air Flow Status,Discharge Air Flow Status,True,11,"[15, 36, 7, 1]","['air', 'discharge', 'flow', 'sensor']",
528,Discharge Air Heating Command,Discharge Air Heating Command,True,11,"[15, 3, 36, 51]","['air', 'cmd', 'discharge', 'heating']",
529,Discharge Air Linear Velocity,Discharge Air Linear Velocity,True,38,"[15, 36, 115, 1]","['air', 'discharge', 'linearVelocity', 'sensor']",
531,Door Position Status,Door Position Status,True,15,[1],['sensor'],
532,Efficiency,Efficiency,True,23,"[221, 1]","['efficiency', 'sensor']",
533,Exhaust Air Damper Command,Exhaust Air Damper Command,True,15,"[15, 3, 11, 65]","['air', 'cmd', 'damper', 'exhaust']",
534,Exhaust Air Damper Position Sensor,Exhaust Air Damper Position Sensor,True,7,"[15, 11, 65, 1]","['air', 'damper', 'exhaust', 'sensor']",
699,Exhaust Air Isolation Damper Command,Exhaust Air Isolation Damper Command,True,15,"[15, 3, 11, 65, 34]","['air', 'cmd', 'damper', 'exhaust', 'isolation']",
700,Exhaust Air Isolation Damper Status,Exhaust Air Isolation Damper Status,True,15,"[15, 11, 65, 34, 1]","['air', 'damper', 'exhaust', 'isolation', 'sensor']",
535,Extent Level,Extent Level,True,23,"[3, 222, 77]","['cmd', 'extent', 'level']",
536,Filter Differential Pressure Status,Filter Differential Pressure Status,True,11,"[58, 27, 6, 1]","['delta', 'filter', 'pressure', 'sensor']",
537,Fire Alarm,Fire Alarm,True,11,"[87, 224, 1]","['alarm', 'fire', 'sensor']",
538,Flue Gas Temperature,Flue Gas Temperature,True,1,"[225, 121, 1, 4]","['flue', 'gas', 'sensor', 'temp']",
539,Gas Leak Detection Alarm,Gas Leak Detection Alarm,True,11,"[87, 121, 230, 1]","['alarm', 'gas', 'leak', 'sensor']",
540,Gas Temperature,Gas Temperature,True,1,"[121, 1, 4]","['gas', 'sensor', 'temp']",
541,Glycol Supply Pressure,Glycol Supply Pressure,True,3,"[66, 39, 6, 1]","['glycol', 'leaving', 'pressure', 'sensor']",
683,Heater Command,Heater Command,True,11,"[3, 226]","['cmd', 'heater']",
684,Heater Status,Heater Status,True,11,"[226, 1]","['heater', 'sensor']",
542,Heating Air Damper Position,Heating Air Damper Position,True,7,"[15, 3, 11, 51]","['air', 'cmd', 'damper', 'heating']",
543,Heating Air Flow,Heating Air Flow,True,4,"[15, 7, 51, 1]","['air', 'flow', 'heating', 'sensor']",
544,Heating Air Flow Setpoint,Heating Air Flow Setpoint,True,4,"[15, 7, 51, 2]","['air', 'flow', 'heating', 'sp']",
545,Heating Request,Heating Request,True,57,"[51, 240, 1]","['heating', 'request', 'sensor']",
547,High Speed Command,High Speed Command,True,11,"[3, 227, 12]","['cmd', 'high', 'speed']",
690,Hot Deck Air Temperature,Hot Deck Air Temperature,True,1,"[15, 228, 1, 4]","['air', 'hotDeck', 'sensor', 'temp']",
701,Hot Water Return Isolation Valve Command,Hot Water Return Isolation Valve Command,True,15,"[3, 40, 48, 34, 13, 16]","['cmd', 'entering', 'hot', 'isolation', 'valve', 'water']",
702,Hot Water Return Isolation Valve Position,Hot Water Return Isolation Valve Position,True,7,"[3, 40, 48, 34, 13, 16]","['cmd', 'entering', 'hot', 'isolation', 'valve', 'water']",
703,Hot Water Return Isolation Valve Position Sensor,Hot Water Return Isolation Valve Position Sensor,True,7,"[40, 48, 34, 1, 13, 16]","['entering', 'hot', 'isolation', 'sensor', 'valve', 'water']",
704,Hot Water Supply Isolation Valve Command,Hot Water Supply Isolation Valve Command,True,15,"[3, 48, 34, 39, 13, 16]","['cmd', 'hot', 'isolation', 'leaving', 'valve', 'water']",
705,Hot Water Supply Isolation Valve Position,Hot Water Supply Isolation Valve Position,True,7,"[3, 48, 34, 39, 13, 16]","['cmd', 'hot', 'isolation', 'leaving', 'valve', 'water']",
706,Hot Water Supply Isolation Valve Position Sensor,Hot Water Supply Isolation Valve Position Sensor,True,7,"[48, 34, 39, 1, 13, 16]","['hot', 'isolation', 'leaving', 'sensor', 'valve', 'water']",
548,Hot Water Valve Command,Hot Water Valve Command,True,15,"[3, 48, 13, 16]","['cmd', 'hot', 'valve', 'water']",
549,Hot Water Valve Position Sensor,Hot Water Valve Position Sensor,True,7,"[48, 1, 13, 16]","['hot', 'sensor', 'valve', 'water']",
550,Humidification Command,Humidification Command,True,11,"[3, 52]","['cmd', 'humidify']",
551,Humidification Percentage Command,Humidification Percentage Command,True,2,"[3, 52]","['cmd', 'humidify']",
552,Humidification Percentage Status,Humidification Percentage Status,True,2,"[52, 1]","['humidify', 'sensor']",
553,Humidification Status,Humidification Status,True,11,"[5, 1]","['humidity', 'sensor']",
554,Illuminance Sensor,Illuminance Sensor,True,52,"[229, 1]","['illuminance', 'sensor']",
707,Illuminance Setpoint,Illuminance Setpoint,True,52,"[229, 2]","['illuminance', 'sp']",
555,Isolation Damper Command,Isolation Damper Command,True,15,"[3, 11, 34]","['cmd', 'damper', 'isolation']",
556,Isolation Damper Position Sensor,Isolation Damper Position Sensor,True,7,"[11, 34, 1]","['damper', 'isolation', 'sensor']",
557,Isolation Valve Command,Isolation Valve Command,True,15,"[3, 34, 13]","['cmd', 'isolation', 'valve']",
558,Isolation Valve Position,Isolation Valve Position,True,7,"[3, 34, 13]","['cmd', 'isolation', 'valve']",
559,Isolation Valve Position Sensor,Isolation Valve Position Sensor,True,7,"[34, 1, 13]","['isolation', 'sensor', 'valve']",
560,Loop Differential Pressure,Loop Differential Pressure,True,3,"[58, 238, 6, 1]","['delta', 'plantLoop', 'pressure', 'sensor']",
688,Low Battery Alarm,Low Battery Alarm,True,11,"[87, 120, 231, 1]","['alarm', 'battery', 'low', 'sensor']",
561,Low Differential Pressure Alarm,Low Differential Pressure Alarm,True,11,"[87, 58, 231, 6, 1]","['alarm', 'delta', 'low', 'pressure', 'sensor']",
562,Low Discharge Air Flow Alarm,Low Discharge Air Flow Alarm,True,11,"[15, 87, 36, 7, 231, 1]","['air', 'alarm', 'discharge', 'flow', 'low', 'sensor']",
564,Low Speed Command,Low Speed Command,True,11,"[3, 231, 12]","['cmd', 'low', 'speed']",
708,Maintenance Alarm,Maintenance Alarm,True,11,"[232, 1]","['maintenance', 'sensor']",
565,Makeup Water Flow,Makeup Water Flow,True,5,"[7, 67, 1, 16]","['flow', 'makeup', 'sensor', 'water']",
566,Makeup Water Valve Position,Makeup Water Valve Position,True,7,"[3, 67, 13, 16]","['cmd', 'makeup', 'valve', 'water']",
567,Master Alarm,Master Alarm,True,11,"[87, 1]","['alarm', 'sensor']",
679,Max Cooling Temperature Setpoint Limit,Max Cooling Temperature Setpoint Limit,True,1,"[50, 118, 60, 2, 4]","['cooling', 'limit', 'max', 'sp', 'temp']",
680,Max Heating Temperature Setpoint Limit,Max Heating Temperature Setpoint Limit,True,1,"[51, 118, 60, 2, 4]","['heating', 'limit', 'max', 'sp', 'temp']",
568,Max Valve Position Setpoint Limit,Max Valve Position Setpoint Limit,True,7,"[118, 60, 2, 13]","['limit', 'max', 'sp', 'valve']",
569,Medium Speed Command,Medium Speed Command,True,11,"[3, 12]","['cmd', 'speed']",
681,Min Cooling Temperature Setpoint Limit,Min Cooling Temperature Setpoint Limit,True,1,"[50, 118, 61, 2, 4]","['cooling', 'limit', 'min', 'sp', 'temp']",
686,Min Differential Temperature Setpoint Limit,Min Differential Temperature Setpoint Limit,True,1,"[58, 118, 61, 2, 4]","['delta', 'limit', 'min', 'sp', 'temp']",
682,Min Heating Temperature Setpoint Limit,Min Heating Temperature Setpoint Limit,True,1,"[51, 118, 61, 2, 4]","['heating', 'limit', 'min', 'sp', 'temp']",
571,Min Outside Air Damper Position,Min Outside Air Damper Position,True,7,"[15, 3, 11, 24, 61]","['air', 'cmd', 'damper', 'outside', 'min']",
570,Min Valve Position Setpoint Limit,Min Valve Position Setpoint Limit,True,7,"[118, 61, 2, 13]","['limit', 'min', 'sp', 'valve']",
572,Min Water Flow Setpoint Limit,Min Water Flow Setpoint Limit,True,5,"[7, 118, 61, 2, 16]","['flow', 'limit', 'min', 'sp', 'water']",
573,Mixed Air Dew Point Temperature,Mixed Air Dew Point Temperature,True,1,"[15, 82, 26, 1, 4]","['air', 'dewPoint', 'mixed', 'sensor', 'temp']",
709,Mixing Valve Position Sensor,Mixing Valve Position Sensor,True,7,"[33, 1, 13]","['mixing', 'sensor', 'valve']",
674,Motion Status,Motion Status,True,11,"[233, 1]","['motion', 'sensor']",
575,Occupied Discharge Air Flow,Occupied Discharge Air Flow,True,4,"[15, 36, 7, 55, 1]","['air', 'discharge', 'flow', 'occ', 'sensor']",
576,Occupied Supply Air Flow,Occupied Supply Air Flow,True,4,"[15, 7, 55, 1, 122]","['air', 'flow', 'occ', 'sensor', 'supply']",
577,Outside Air Damper Command,Outside Air Damper Command,True,15,"[15, 3, 11, 24]","['air', 'cmd', 'damper', 'outside']",
578,Outside Air Damper Position Sensor,Outside Air Damper Position Sensor,True,7,"[15, 11, 24, 1]","['air', 'damper', 'outside', 'sensor']",
710,Outside Air Isolation Damper Command,Outside Air Isolation Damper Command,True,15,"[15, 3, 11, 34, 24]","['air', 'cmd', 'damper', 'isolation', 'outside']",
711,Outside Air Isolation Damper Status,Outside Air Isolation Damper Status,True,15,"[15, 11, 34, 24, 1]","['air', 'damper', 'isolation', 'outside', 'sensor']",
580,Phase1 Apparent Power,Phase1 Apparent Power,True,21,"[75, 10, 235, 21, 1]","['apparent', 'elec', 'phase1', 'power', 'sensor']",
581,Phase1 Electric Current,Phase1 Electric Current,True,28,"[78, 10, 235, 1]","['current', 'elec', 'phase1', 'sensor']",
582,Phase1 Neutral Voltage,Phase1 Neutral Voltage,True,30,"[10, 234, 235, 1, 80]","['elec', 'neutralVoltage', 'phase1', 'sensor', 'volt']",
583,Phase1 Power Factor,Phase1 Power Factor,True,33,"[10, 84, 235, 1]","['elec', 'pf', 'phase1', 'sensor']",
584,Phase1 Real Power,Phase1 Real Power,True,13,"[73, 10, 235, 21, 1]","['active', 'elec', 'phase1', 'power', 'sensor']",
696,Phase1-2 Electric Voltage,Phase1-2 Electric Voltage,True,30,"[10, 235, 236, 1, 80]","['elec', 'phase1', 'phase2', 'sensor', 'volt']",
697,Phase1-3 Electric Voltage,Phase1-3 Electric Voltage,True,30,"[10, 235, 237, 1, 80]","['elec', 'phase1', 'phase3', 'sensor', 'volt']",
585,Phase2 Apparent Power,Phase2 Apparent Power,True,21,"[75, 10, 236, 21, 1]","['apparent', 'elec', 'phase2', 'power', 'sensor']",
586,Phase2 Electric Current,Phase2 Electric Current,True,28,"[78, 10, 236, 1]","['current', 'elec', 'phase2', 'sensor']",
587,Phase2 Neutral Voltage,Phase2 Neutral Voltage,True,30,"[10, 234, 236, 1, 80]","['elec', 'neutralVoltage', 'phase2', 'sensor', 'volt']",
588,Phase2 Power Factor,Phase2 Power Factor,True,33,"[10, 84, 236, 1]","['elec', 'pf', 'phase2', 'sensor']",
589,Phase2 Real Power,Phase2 Real Power,True,13,"[73, 10, 236, 21, 1]","['active', 'elec', 'phase2', 'power', 'sensor']",
695,Phase2-3 Electric Voltage,Phase2-3 Electric Voltage,True,30,"[10, 236, 237, 1, 80]","['elec', 'phase2', 'phase3', 'sensor', 'volt']",
590,Phase3 Apparent Power,Phase3 Apparent Power,True,21,"[75, 10, 237, 21, 1]","['apparent', 'elec', 'phase3', 'power', 'sensor']",
591,Phase3 Electric Current,Phase3 Electric Current,True,28,"[78, 10, 237, 1]","['current', 'elec', 'phase3', 'sensor']",
592,Phase3 Neutral Voltage,Phase3 Neutral Voltage,True,30,"[10, 234, 237, 1, 80]","['elec', 'neutralVoltage', 'phase3', 'sensor', 'volt']",
593,Phase3 Power Factor,Phase3 Power Factor,True,33,"[10, 84, 237, 1]","['elec', 'pf', 'phase3', 'sensor']",
594,Phase3 Real Power,Phase3 Real Power,True,13,"[73, 10, 237, 21, 1]","['active', 'elec', 'phase3', 'power', 'sensor']",
595,Power Loss Alarm,Power Loss Alarm,True,11,"[87, 21, 1]","['alarm', 'power', 'sensor']",
596,Preheat Valve Command,Preheat Valve Command,True,15,"[3, 43, 13]","['cmd', 'preHeat', 'valve']",
597,Pressurization Request,Pressurization Request,True,57,"[6, 240, 1]","['pressure', 'request', 'sensor']",
598,Primary Return Water Temperature,Primary Return Water Temperature,True,1,"[40, 146, 1, 4, 16]","['entering', 'primaryLoop', 'sensor', 'temp', 'water']",
599,Primary Supply Water Temperature,Primary Supply Water Temperature,True,1,"[39, 146, 1, 4, 16]","['leaving', 'primaryLoop', 'sensor', 'temp', 'water']",
600,Process Water Differential Pressure,Process Water Differential Pressure,True,3,"[58, 6, 239, 1, 16]","['delta', 'pressure', 'processWater', 'sensor', 'water']",
601,Process Water Differential Pressure Setpoint,Process Water Differential Pressure Setpoint,True,3,"[58, 6, 239, 2, 16]","['delta', 'pressure', 'processWater', 'sp', 'water']",
602,Process Water Flow,Process Water Flow,True,5,"[7, 239, 1, 16]","['flow', 'processWater', 'sensor', 'water']",
603,Process Water Flow Setpoint,Process Water Flow Setpoint,True,5,"[7, 239, 2, 16]","['flow', 'processWater', 'sp', 'water']",
604,Process Water Isolation Valve Position,Process Water Isolation Valve Position,True,7,"[3, 34, 239, 13, 16]","['cmd', 'isolation', 'processWater', 'valve', 'water']",
605,Process Water Return Temperature,Process Water Return Temperature,True,1,"[40, 239, 1, 4, 16]","['entering', 'processWater', 'sensor', 'temp', 'water']",
606,Process Water Supply Temperature,Process Water Supply Temperature,True,1,"[39, 239, 1, 4, 16]","['leaving', 'processWater', 'sensor', 'temp', 'water']",
607,Process Water Supply Temperature Setpoint,Process Water Supply Temperature Setpoint,True,1,"[39, 239, 2, 4, 16]","['leaving', 'processWater', 'sp', 'temp', 'water']",
608,Process Water Thermal Power,Process Water Thermal Power,True,13,"[21, 239, 1, 246, 16]","['power', 'processWater', 'sensor', 'thermal', 'water']",
609,Process Water Valve Position,Process Water Valve Position,True,7,"[3, 239, 13, 16]","['cmd', 'processWater', 'valve', 'water']",
693,Production Differential Pressure,Production Differential Pressure,True,3,"[58, 6, 1]","['delta', 'pressure', 'sensor']",
610,Refrigerant Evaporator Pressure,Refrigerant Evaporator Pressure,True,3,"[98, 6, 18, 1]","['evaporator', 'pressure', 'refrig', 'sensor']",
611,Refrigerant Evaporator Saturation Temperature,Refrigerant Evaporator Saturation Temperature,True,1,"[98, 18, 243, 1, 4]","['evaporator', 'refrig', 'saturation', 'sensor', 'temp']",
612,Refrigerant Saturation Temperature,Refrigerant Saturation Temperature,True,1,"[18, 243, 1, 4]","['refrig', 'saturation', 'sensor', 'temp']",
613,Refrigerant Suction Temperature,Refrigerant Suction Temperature,True,1,"[18, 1, 245, 4]","['refrig', 'sensor', 'suction', 'temp']",
614,Reheat Valve Position Sensor,Reheat Valve Position Sensor,True,7,"[44, 1, 13]","['reheats', 'sensor', 'valve']",
615,Return Air Cooling Temperature Setpoint,Return Air Cooling Temperature Setpoint,True,1,"[15, 50, 63, 2, 4]","['air', 'cooling', 'return', 'sp', 'temp']",
616,Return Air Damper Command,Return Air Damper Command,True,15,"[15, 3, 11, 63]","['air', 'cmd', 'damper', 'return']",
712,Return Air Damper Position Sensor,Return Air Damper Position Sensor,True,7,"[15, 11, 63, 1]","['air', 'damper', 'return', 'sensor']",
617,Return Air Heating Temperature Setpoint,Return Air Heating Temperature Setpoint,True,1,"[15, 51, 63, 2, 4]","['air', 'heating', 'return', 'sp', 'temp']",
618,Return Air High Humidity Alarm,Return Air High Humidity Alarm,True,11,"[15, 87, 227, 5, 63, 1]","['air', 'alarm', 'high', 'humidity', 'return', 'sensor']",
546,Return Air High Temperature Alarm,Return Air High Temperature Alarm,True,11,"[15, 87, 227, 63, 1, 4]","['air', 'alarm', 'high', 'return', 'sensor', 'temp']",
620,Return Air Low Humidity Alarm,Return Air Low Humidity Alarm,True,11,"[15, 87, 5, 231, 63, 1]","['air', 'alarm', 'humidity', 'low', 'return', 'sensor']",
563,Return Air Low Temperature Alarm,Return Air Low Temperature Alarm,True,11,"[15, 87, 231, 63, 1, 4]","['air', 'alarm', 'low', 'return', 'sensor', 'temp']",
621,Return Water Isolation Valve Command,Return Water Isolation Valve Command,True,15,"[3, 40, 34, 13, 16]","['cmd', 'entering', 'isolation', 'valve', 'water']",
622,Return Water Isolation Valve Position,Return Water Isolation Valve Position,True,7,"[3, 40, 34, 13, 16]","['cmd', 'entering', 'isolation', 'valve', 'water']",
623,Return Water Isolation Valve Position Sensor,Return Water Isolation Valve Position Sensor,True,7,"[40, 34, 1, 13, 16]","['entering', 'isolation', 'sensor', 'valve', 'water']",
624,Return Water Isolation Valve Status,Return Water Isolation Valve Status,True,15,"[40, 34, 1, 13, 16]","['entering', 'isolation', 'sensor', 'valve', 'water']",
626,Return Water Temperature Setpoint,Return Water Temperature Setpoint,True,1,"[40, 2, 4, 16]","['entering', 'sp', 'temp', 'water']",
627,Return Water Valve Command,Return Water Valve Command,True,15,"[3, 40, 13, 16]","['cmd', 'entering', 'valve', 'water']",
628,Return Water Valve Position,Return Water Valve Position,True,7,"[3, 40, 13, 16]","['cmd', 'entering', 'valve', 'water']",
629,Return Water Valve Postion Sensor,Return Water Valve Postion Sensor,True,7,"[40, 1, 13, 16]","['entering', 'sensor', 'valve', 'water']",
630,Return Water Valve Status,Return Water Valve Status,True,15,"[40, 1, 13, 16]","['entering', 'sensor', 'valve', 'water']",
631,Reversing Valve Command,Reversing Valve Command,True,15,"[3, 242, 13]","['cmd', 'reverse', 'valve']",
691,Scene Command,Scene Command,True,11,"[3, 244]","['cmd', 'scene']",
632,Secondary Return Water Temperature,Secondary Return Water Temperature,True,1,"[40, 147, 1, 4, 16]","['entering', 'secondaryLoop', 'sensor', 'temp', 'water']",
633,Secondary Supply Water Temperature,Secondary Supply Water Temperature,True,1,"[39, 147, 1, 4, 16]","['leaving', 'secondaryLoop', 'sensor', 'temp', 'water']",
635,Speed Mode,Speed Mode,True,26,"[3, 81, 12]","['cmd', 'enum', 'speed']",
636,Speed Sensor,Speed Sensor,True,17,"[1, 12]","['sensor', 'speed']",
637,Supply Air Damper Command,Supply Air Damper Command,True,15,"[15, 3, 11, 122]","['air', 'cmd', 'damper', 'supply']",
638,Supply Air Damper Position Sensor,Supply Air Damper Position Sensor,True,7,"[15, 11, 1, 122]","['air', 'damper', 'sensor', 'supply']",
639,Supply Air Dew Point Temperature,Supply Air Dew Point Temperature,True,1,"[15, 82, 1, 122, 4]","['air', 'dewPoint', 'sensor', 'supply', 'temp']",
640,Supply Air Dew Point Temperature Setpoint,Supply Air Dew Point Temperature Setpoint,True,1,"[15, 82, 2, 122, 4]","['air', 'dewPoint', 'sp', 'supply', 'temp']",
641,Supply Air Humidify Setpoint,Supply Air Humidify Setpoint,True,2,"[15, 52, 2, 122]","['air', 'humidify', 'sp', 'supply']",
642,Supply Air Isolation Damper Closed Status,Supply Air Isolation Damper Closed Status,True,15,"[15, 11, 34, 1, 122]","['air', 'damper', 'isolation', 'sensor', 'supply']",
643,Supply Air Isolation Damper Command,Supply Air Isolation Damper Command,True,15,"[15, 3, 11, 34, 122]","['air', 'cmd', 'damper', 'isolation', 'supply']",
644,Supply Air Isolation Damper Open Status,Supply Air Isolation Damper Open Status,True,15,"[15, 11, 34, 1, 122]","['air', 'damper', 'isolation', 'sensor', 'supply']",
645,Supply Air Isolation Damper Status,Supply Air Isolation Damper Status,True,15,"[15, 11, 34, 1, 122]","['air', 'damper', 'isolation', 'sensor', 'supply']",
646,Supply Water Flow,Supply Water Flow,True,5,"[7, 39, 1, 16]","['flow', 'leaving', 'sensor', 'water']",
647,Supply Water Isolation Valve Command,Supply Water Isolation Valve Command,True,15,"[3, 34, 39, 13, 16]","['cmd', 'isolation', 'leaving', 'valve', 'water']",
648,Supply Water Isolation Valve Position,Supply Water Isolation Valve Position,True,7,"[3, 34, 39, 13, 16]","['cmd', 'isolation', 'leaving', 'valve', 'water']",
649,Supply Water Isolation Valve Position Sensor,Supply Water Isolation Valve Position Sensor,True,7,"[34, 39, 1, 13, 16]","['isolation', 'leaving', 'sensor', 'valve', 'water']",
650,Supply Water Isolation Valve Status,Supply Water Isolation Valve Status,True,15,"[34, 39, 1, 13, 16]","['isolation', 'leaving', 'sensor', 'valve', 'water']",
651,Supply Water Temperature Setpoint,Supply Water Temperature Setpoint,True,1,"[39, 2, 4, 16]","['leaving', 'sp', 'temp', 'water']",
652,Supply Water Valve Command,Supply Water Valve Command,True,15,"[3, 39, 13, 16]","['cmd', 'leaving', 'valve', 'water']",
713,Supply Water Valve Position,Supply Water Valve Position,True,7,"[3, 39, 13, 16]","['cmd', 'leaving', 'valve', 'water']",
714,Supply Water Valve Position Sensor,Supply Water Valve Position Sensor,True,7,"[39, 1, 13, 16]","['leaving', 'sensor', 'valve', 'water']",
653,Supply Water Valve Status,Supply Water Valve Status,True,15,"[39, 1, 13, 16]","['leaving', 'sensor', 'valve', 'water']",
654,Thermal Power,Thermal Power,True,13,"[21, 1, 246]","['power', 'sensor', 'thermal']",
655,Tilt Level,Tilt Level,True,23,"[3, 77, 247]","['cmd', 'level', 'tilt']",
656,Unoccupied Discharge Air Flow,Unoccupied Discharge Air Flow,True,4,"[15, 36, 7, 1, 56]","['air', 'discharge', 'flow', 'sensor', 'unocc']",
657,Unoccupied Exhaust Air Flow,Unoccupied Exhaust Air Flow,True,4,"[15, 65, 7, 1, 56]","['air', 'exhaust', 'flow', 'sensor', 'unocc']",
658,Unoccupied Supply Air Flow,Unoccupied Supply Air Flow,True,4,"[15, 7, 1, 122, 56]","['air', 'flow', 'sensor', 'supply', 'unocc']",
659,Ventilation Outside Air Flow,Ventilation Outside Air Flow,True,4,"[15, 7, 24, 1, 248]","['air', 'flow', 'outside', 'sensor', 'ventiltation']",
660,Ventilation Outside Air Damper Position,Ventilation Outside Air Damper Position,True,7,"[15, 3, 11, 24, 248]","['air', 'cmd', 'damper', 'outside', 'ventiltation']",
661,Ventilation Outside Air Flow Setpoint,Ventilation Outside Air Flow Setpoint,True,4,"[15, 7, 24, 2, 248]","['air', 'flow', 'outside', 'sp', 'ventiltation']",
662,Water Leak Detection Alarm,Water Leak Detection Alarm,True,11,"[87, 230, 1, 16]","['alarm', 'leak', 'sensor', 'water']",
663,Zone Carbon Monoxide,Zone Carbon Monoxide,True,6,"[216, 1, 62]","['co', 'sensor', 'zone']",
664,Zone Carbon Monoxide Setpoint,Zone Carbon Monoxide Setpoint,True,6,"[216, 2, 62]","['co', 'sp', 'zone']",
665,Zone Deadband Temperature Setpoint,Zone Deadband Temperature Setpoint,True,1,"[220, 2, 4, 62]","['deadband', 'sp', 'temp', 'zone']",
666,Zone Dehumidify Setpoint,Zone Dehumidify Setpoint,True,2,"[15, 83, 2, 62]","['air', 'dehumidify', 'sp', 'zone']",
667,Zone Humidify Setpoint,Zone Humidify Setpoint,True,2,"[15, 52, 2, 62]","['air', 'humidify', 'sp', 'zone']",
668,Zone Refrigerant,Zone Refrigerant,True,6,"[18, 1, 62]","['refrig', 'sensor', 'zone']",
669,Zone Refrigerant Setpoint,Zone Refrigerant Setpoint,True,6,"[18, 2, 62]","['refrig', 'sp', 'zone']",
692,Zone Scene Command,Zone Scene Command,True,11,"[3, 244, 62]","['cmd', 'scene', 'zone']",
670,Zone VOC,Zone VOC,True,6,"[1, 249, 62]","['sensor', 'tvoc', 'zone']",
671,Zone VOC Level,Zone VOC Level,True,23,"[77, 1, 249, 62]","['level', 'sensor', 'tvoc', 'zone']",
672,Zone VOC Level Setpoint,Zone VOC Level Setpoint,True,23,"[77, 2, 249, 62]","['level', 'sp', 'tvoc', 'zone']",
673,Zone VOC Setpoint,Zone VOC Setpoint,True,6,"[2, 249, 62]","['sp', 'tvoc', 'zone']",
715,Return Air Lockout Temperature Setpoint,Return Air Lockout Temperature Setpoint,True,1,"[2, 15, 63, 117, 4]","['sp', 'air', 'return', 'lockout', 'temp']",
716,High Discharge Air Flow Alarm,High Discharge Air Flow Alarm,True,11,"[1, 87, 15, 36, 227, 7]","['sensor', 'alarm', 'air', 'discharge', 'high', 'flow']",
737,Preheat Coil Entering Air Temperature,Preheat Coil Entering Air Temperature,True,1,"[15, 1, 4, 43, 40, 250]","['air', 'sensor', 'temp', 'preHeat', 'entering', 'coil']",
740,Heating Coil Valve Command,Heating Coil Valve Command,True,15,"[15, 3, 13, 51, 250]","['air', 'cmd', 'valve', 'heating', 'coil']",
718,Bypass Damper Command,Bypass Damper Command,True,15,"[3, 11, 32, 15]","['cmd', 'damper', 'bypass', 'air']",
719,Bypass Damper Status,Bypass Damper Status,True,15,"[1, 11, 32, 15]","['sensor', 'damper', 'bypass', 'air']",
720,Bypass Valve Command,Bypass Valve Command,True,15,"[3, 13, 32]","['cmd', 'valve', 'bypass']",
721,Bypass Valve Status,Bypass Valve Status,True,15,"[1, 13, 32]","['sensor', 'valve', 'bypass']",
717,Electrical Resistance,Electrical Resistance,True,54,"[1, 10, 241]","['sensor', 'elec', 'resistance']",
724,Max Chilled Water Temperature Setpoint Limit,Max Chilled Water Temperature Setpoint Limit,True,1,"[2, 118, 60, 49, 16, 4]","['sp', 'limit', 'max', 'chilled', 'water', 'temp']",
723,Max Condenser Water Temperature Setpoint Limit,Max Condenser Water Temperature Setpoint Limit,True,1,"[2, 118, 60, 124, 16, 4]","['sp', 'limit', 'max', 'condenserWater', 'water', 'temp']",
726,Max Discharge Air Temperature Setpoint Limit,Max Discharge Air Temperature Setpoint Limit,True,1,"[2, 118, 60, 4, 15, 36]","['sp', 'limit', 'max', 'temp', 'air', 'discharge']",
725,Max Hot Water Temperature Setpoint Limit,Max Hot Water Temperature Setpoint Limit,True,1,"[2, 118, 60, 16, 4, 48]","['sp', 'limit', 'max', 'water', 'temp', 'hot']",
727,Max Return Air Temperature Setpoint Limit,Max Return Air Temperature Setpoint Limit,True,1,"[2, 118, 60, 4, 15, 63]","['sp', 'limit', 'max', 'temp', 'air', 'return']",
728,Max Supply Air Temperature Setpoint Limit,Max Supply Air Temperature Setpoint Limit,True,1,"[2, 118, 60, 4, 15, 122]","['sp', 'limit', 'max', 'temp', 'air', 'supply']",
722,Max Water Temperature Setpoint Limit,Max Water Temperature Setpoint Limit,True,1,"[2, 118, 60, 16, 4]","['sp', 'limit', 'max', 'water', 'temp']",
729,Min Air Temperature Setpoint Limit,Min Air Temperature Setpoint Limit,True,1,"[2, 118, 61, 4, 15]","['sp', 'limit', 'min', 'temp', 'air']",
732,Min Chilled Water Temperature Setpoint Limit,Min Chilled Water Temperature Setpoint Limit,True,1,"[2, 118, 61, 49, 16, 4]","['sp', 'limit', 'min', 'chilled', 'water', 'temp']",
731,Min Condenser Water Temperature Setpoint Limit,Min Condenser Water Temperature Setpoint Limit,True,1,"[2, 118, 61, 124, 16, 4]","['sp', 'limit', 'min', 'condenserWater', 'water', 'temp']",
734,Min Discharge Air Temperature Setpoint Limit,Min Discharge Air Temperature Setpoint Limit,True,1,"[2, 118, 61, 4, 15, 36]","['sp', 'limit', 'min', 'temp', 'air', 'discharge']",
733,Min Hot Water Temperature Setpoint Limit,Min Hot Water Temperature Setpoint Limit,True,1,"[2, 118, 61, 16, 4, 48]","['sp', 'limit', 'min', 'water', 'temp', 'hot']",
735,Min Return Air Temperature Setpoint Limit,Min Return Air Temperature Setpoint Limit,True,1,"[2, 118, 61, 4, 15, 63]","['sp', 'limit', 'min', 'temp', 'air', 'return']",
736,Min Supply Air Temperature Setpoint Limit,Min Supply Air Temperature Setpoint Limit,True,1,"[2, 118, 61, 4, 15, 122]","['sp', 'limit', 'min', 'temp', 'air', 'supply']",
730,Min Water Temperature Setpoint Limit,Min Water Temperature Setpoint Limit,True,1,"[2, 118, 61, 16, 4]","['sp', 'limit', 'min', 'water', 'temp']",
738,Relief Air Flow,Relief Air Flow,True,4,"[1, 15, 64, 7]","['sensor', 'air', 'relief', 'flow']",
739,Return Air Isolation Damper Command,Return Air Isolation Damper Command,True,15,"[3, 11, 15, 63, 34]","['cmd', 'damper', 'air', 'return', 'isolation']",
741,Heating Coil Discharge Air Temperature Setpoint,Heating Coil Discharge Air Temperature Setpoint,True,1,"[15, 36, 45, 2, 4, 250]","['air', 'discharge', 'heat', 'sp', 'temp', 'coil']",
742,Lighting Command,Lighting Command,True,11,"[3, 109]","['cmd', 'lighting']",
743,Battery Status,Battery Status,True,11,"[1, 120]","['sensor', 'battery']",
744,Cooling Thermal Energy,Cooling Thermal Energy,True,14,"[1, 50, 246, 20]","['sensor', 'cooling', 'thermal', 'energy']",
745,Heating Thermal Energy,Heating Thermal Energy,True,14,"[1, 51, 246, 20]","['sensor', 'heating', 'thermal', 'energy']",
746,Thermal Energy,Thermal Energy,True,14,"[1, 246, 20]","['sensor', 'thermal', 'energy']",
747,Heating Coil Valve Position Sensor,Heating Coil Valve Position Sensor,True,7,"[1, 13, 51, 250]","['sensor', 'valve', 'heating', 'coil']",
748,Cooling Coil Valve Position Sensor,Cooling Coil Valve Position Sensor,True,7,"[1, 13, 250, 50]","['sensor', 'valve', 'coil', 'cooling']",
749,Supply Water Pressure,Supply Water Pressure,True,3,"[1, 39, 6]","['sensor', 'leaving', 'pressure']",
750,Return Water Pressure,Return Water Pressure,True,3,"[1, 40, 6]","['sensor', 'entering', 'pressure']",
751,Water Flow Pulse,Water Flow Pulse,True,57,"[1, 7, 16]","['sensor', 'flow', 'water']",
752,Gas Flow Pulse,Gas Flow Pulse,True,57,"[1, 7, 121]","['sensor', 'flow', 'gas']",
46,untagged,Untagged,True,18,[],[],
